timestamp,pos_x,pos_y,pos_z,quat_w,quat_x,quat_y,quat_z,datetime
1724943314324.0,0.026688,0.008937,0.002436,0.654645,-0.198241,-0.250866,-0.684986,2024-08-29 22:55:14
1724943314335.0,0.028367,0.00996,0.001296,0.654478,-0.198248,-0.250645,-0.685225,2024-08-29 22:55:14
1724943314371.0,0.030318,0.012119,0.000397,0.654114,-0.199652,-0.250742,-0.685129,2024-08-29 22:55:14
1724943314425.0,0.032175,0.014593,-0.000626,0.654117,-0.201154,-0.251522,-0.6844,2024-08-29 22:55:14
1724943314442.0,0.034118,0.016802,-0.000778,0.65436,-0.202064,-0.252454,-0.683557,2024-08-29 22:55:14
1724943314473.0,0.036082,0.019363,-0.001515,0.654282,-0.203428,-0.251886,-0.683436,2024-08-29 22:55:14
1724943314501.0,0.038164,0.021974,-0.002209,0.654313,-0.205292,-0.250743,-0.68327,2024-08-29 22:55:14
1724943314542.0,0.037779,0.022999,-0.001172,0.654983,-0.206232,-0.249639,-0.682749,2024-08-29 22:55:14
1724943314570.0,0.040236,0.025816,-0.001564,0.654614,-0.207314,-0.248,-0.683372,2024-08-29 22:55:14
1724943314601.0,0.042928,0.029105,-0.001989,0.654346,-0.20835,-0.247029,-0.683665,2024-08-29 22:55:14
1724943314639.0,0.043753,0.03216,-0.002132,0.654751,-0.208954,-0.246415,-0.683315,2024-08-29 22:55:14
1724943314669.0,0.04676,0.036298,-0.00259,0.654833,-0.209886,-0.245843,-0.683156,2024-08-29 22:55:14
1724943314699.0,0.050034,0.040853,-0.003198,0.654413,-0.210735,-0.245469,-0.683432,2024-08-29 22:55:14
1724943314749.0,0.054048,0.045918,-0.00429,0.654611,-0.212411,-0.245045,-0.682876,2024-08-29 22:55:14
1724943314772.0,0.057314,0.051235,-0.005213,0.655391,-0.213789,-0.244467,-0.681904,2024-08-29 22:55:14
1724943314809.0,0.060804,0.056914,-0.006325,0.655358,-0.21512,-0.243566,-0.681839,2024-08-29 22:55:14
1724943314836.0,0.065426,0.062945,-0.007484,0.654914,-0.217082,-0.242333,-0.682084,2024-08-29 22:55:14
1724943314871.0,0.068796,0.069573,-0.009129,0.654746,-0.219715,-0.240113,-0.682186,2024-08-29 22:55:14
1724943314902.0,0.071815,0.076646,-0.011091,0.655808,-0.221003,-0.23813,-0.681445,2024-08-29 22:55:14
1724943314938.0,0.071009,0.084112,-0.012087,0.657473,-0.220823,-0.237824,-0.680004,2024-08-29 22:55:14
1724943314973.0,0.073371,0.093021,-0.014753,0.65708,-0.223546,-0.237735,-0.679526,2024-08-29 22:55:14
1724943315006.0,0.075584,0.102784,-0.017499,0.65693,-0.225722,-0.238483,-0.678689,2024-08-29 22:55:15
1724943315036.0,0.074068,0.110794,-0.018046,0.656954,-0.225992,-0.240782,-0.677763,2024-08-29 22:55:15
1724943315073.0,0.076232,0.122482,-0.020826,0.655051,-0.229173,-0.242998,-0.677746,2024-08-29 22:55:15
1724943315104.0,0.078148,0.135104,-0.0237,0.65297,-0.232929,-0.245163,-0.677694,2024-08-29 22:55:15
1724943315139.0,0.075634,0.144629,-0.025432,0.653504,-0.234287,-0.245685,-0.676521,2024-08-29 22:55:15
1724943315171.0,0.076297,0.158376,-0.02784,0.655049,-0.233536,-0.245769,-0.675255,2024-08-29 22:55:15
1724943315202.0,0.076759,0.17343,-0.030326,0.655746,-0.233238,-0.24661,-0.674374,2024-08-29 22:55:15
1724943315241.0,0.072097,0.183358,-0.032371,0.655793,-0.233135,-0.246007,-0.674584,2024-08-29 22:55:15
1724943315284.0,0.072022,0.200445,-0.034638,0.654514,-0.232375,-0.246686,-0.675839,2024-08-29 22:55:15
1724943315303.0,0.071545,0.218876,-0.036788,0.65317,-0.231516,-0.248056,-0.676932,2024-08-29 22:55:15
1724943315355.0,0.065639,0.230828,-0.037869,0.653182,-0.227949,-0.246764,-0.678601,2024-08-29 22:55:15
1724943315373.0,0.064427,0.25103,-0.0391,0.652644,-0.225206,-0.24354,-0.681195,2024-08-29 22:55:15
1724943315402.0,0.062907,0.273054,-0.040072,0.652143,-0.223242,-0.240636,-0.683349,2024-08-29 22:55:15
1724943315441.0,0.060086,0.29584,-0.040108,0.651353,-0.221797,-0.241241,-0.68436,2024-08-29 22:55:15
1724943315478.0,0.058036,0.321101,-0.040331,0.649292,-0.223188,-0.240244,-0.686214,2024-08-29 22:55:15
1724943315506.0,0.055973,0.346729,-0.040224,0.647118,-0.222437,-0.238258,-0.689197,2024-08-29 22:55:15
1724943315541.0,0.05179,0.36954,-0.039379,0.648702,-0.217997,-0.235216,-0.690171,2024-08-29 22:55:15
1724943315577.0,0.048876,0.396066,-0.038142,0.651849,-0.213046,-0.234436,-0.689017,2024-08-29 22:55:15
1724943315613.0,0.047068,0.424036,-0.03697,0.648968,-0.210396,-0.239587,-0.690776,2024-08-29 22:55:15
1724943315636.0,0.044218,0.451121,-0.036989,0.643625,-0.21396,-0.244752,-0.692867,2024-08-29 22:55:15
1724943315682.0,0.043022,0.477975,-0.036017,0.64123,-0.215277,-0.244131,-0.694896,2024-08-29 22:55:15
1724943315721.0,0.042232,0.50393,-0.035287,0.640829,-0.211979,-0.244379,-0.696191,2024-08-29 22:55:15
1724943315739.0,0.039598,0.529387,-0.03598,0.640258,-0.213138,-0.247633,-0.695212,2024-08-29 22:55:15
1724943315779.0,0.038794,0.555523,-0.036296,0.64011,-0.21537,-0.252562,-0.692883,2024-08-29 22:55:15
1724943315802.0,0.038824,0.580202,-0.036266,0.64,-0.213611,-0.25339,-0.693227,2024-08-29 22:55:15
1724943315837.0,0.037566,0.603299,-0.037135,0.637845,-0.213175,-0.250442,-0.696412,2024-08-29 22:55:15
1724943315871.0,0.038556,0.628061,-0.038717,0.635876,-0.215299,-0.248157,-0.698374,2024-08-29 22:55:15
1724943315913.0,0.039767,0.653334,-0.041087,0.635697,-0.214244,-0.249114,-0.698521,2024-08-29 22:55:15
1724943315955.0,0.041762,0.676373,-0.043943,0.634807,-0.213119,-0.250604,-0.699141,2024-08-29 22:55:15
1724943315979.0,0.044044,0.702946,-0.047408,0.633776,-0.214907,-0.251203,-0.699313,2024-08-29 22:55:15
1724943316007.0,0.04694,0.729738,-0.050791,0.633768,-0.215617,-0.25092,-0.699205,2024-08-29 22:55:16
1724943316036.0,0.050595,0.753749,-0.053506,0.63339,-0.215691,-0.248599,-0.700352,2024-08-29 22:55:16
1724943316067.0,0.055146,0.781473,-0.056095,0.633793,-0.216043,-0.244763,-0.70123,2024-08-29 22:55:16
1724943316099.0,0.06019,0.809884,-0.058162,0.636247,-0.215768,-0.23994,-0.700758,2024-08-29 22:55:16
1724943316146.0,0.063716,0.834691,-0.059327,0.640596,-0.214943,-0.232986,-0.699395,2024-08-29 22:55:16
1724943316183.0,0.06903,0.864966,-0.059939,0.644996,-0.214613,-0.226738,-0.697504,2024-08-29 22:55:16
1724943316205.0,0.074523,0.897187,-0.060128,0.646096,-0.216715,-0.227829,-0.695477,2024-08-29 22:55:16
1724943316239.0,0.080255,0.926696,-0.058911,0.644671,-0.223726,-0.230546,-0.693681,2024-08-29 22:55:16
1724943316268.0,0.085773,0.958355,-0.057987,0.645137,-0.228328,-0.229323,-0.692152,2024-08-29 22:55:16
1724943316299.0,0.091554,0.989124,-0.056739,0.645403,-0.229108,-0.225566,-0.692881,2024-08-29 22:55:16
1724943316336.0,0.096272,1.016117,-0.056238,0.644437,-0.229293,-0.222364,-0.694751,2024-08-29 22:55:16
1724943316366.0,0.100983,1.047446,-0.055918,0.643944,-0.229116,-0.223416,-0.69493,2024-08-29 22:55:16
1724943316405.0,0.105007,1.078956,-0.056101,0.644331,-0.227741,-0.228615,-0.693331,2024-08-29 22:55:16
1724943316436.0,0.108368,1.108374,-0.054503,0.642914,-0.22846,-0.231682,-0.693391,2024-08-29 22:55:16
1724943316469.0,0.111649,1.138745,-0.055375,0.642491,-0.229766,-0.231028,-0.693569,2024-08-29 22:55:16
1724943316502.0,0.114456,1.168754,-0.056675,0.643696,-0.227598,-0.230186,-0.693447,2024-08-29 22:55:16
1724943316540.0,0.119699,1.189338,-0.056709,0.642911,-0.226064,-0.228476,-0.69524,2024-08-29 22:55:16
1724943316572.0,0.121803,1.220502,-0.060265,0.641579,-0.226971,-0.226752,-0.696738,2024-08-29 22:55:16
1724943316603.0,0.123054,1.252653,-0.064943,0.64154,-0.227389,-0.227275,-0.696467,2024-08-29 22:55:16
1724943316640.0,0.123646,1.275262,-0.068117,0.6412,-0.226415,-0.228724,-0.696624,2024-08-29 22:55:16
1724943316671.0,0.123998,1.307984,-0.072975,0.642228,-0.225112,-0.227752,-0.696417,2024-08-29 22:55:16
1724943316701.0,0.12413,1.340921,-0.076949,0.643479,-0.223364,-0.224741,-0.696803,2024-08-29 22:55:16
1724943316738.0,0.123866,1.370718,-0.078191,0.643718,-0.220093,-0.221951,-0.698516,2024-08-29 22:55:16
1724943316768.0,0.124399,1.403223,-0.078082,0.64492,-0.213749,-0.217051,-0.700912,2024-08-29 22:55:16
1724943316806.0,0.125398,1.435945,-0.076075,0.644352,-0.20827,-0.212388,-0.704504,2024-08-29 22:55:16
1724943316837.0,0.126545,1.466995,-0.073028,0.640419,-0.209274,-0.211506,-0.708049,2024-08-29 22:55:16
1724943316867.0,0.127483,1.500702,-0.070298,0.639303,-0.213154,-0.213955,-0.707163,2024-08-29 22:55:16
1724943316904.0,0.12841,1.532987,-0.067096,0.643006,-0.211285,-0.217314,-0.703332,2024-08-29 22:55:16
1724943316934.0,0.12752,1.557775,-0.061242,0.645426,-0.206645,-0.218424,-0.70215,2024-08-29 22:55:16
1724943316968.0,0.129962,1.588234,-0.059145,0.643569,-0.208905,-0.21702,-0.703619,2024-08-29 22:55:16
1724943317000.0,0.132537,1.618935,-0.058257,0.639755,-0.213375,-0.217526,-0.705597,2024-08-29 22:55:17
1724943317036.0,0.134276,1.645199,-0.055989,0.637317,-0.21307,-0.218641,-0.707548,2024-08-29 22:55:17
1724943317073.0,0.136885,1.675223,-0.056554,0.636122,-0.210986,-0.217678,-0.709542,2024-08-29 22:55:17
1724943317104.0,0.139598,1.70595,-0.058335,0.633548,-0.211388,-0.215783,-0.712299,2024-08-29 22:55:17
1724943317137.0,0.141518,1.738685,-0.060403,0.631638,-0.212864,-0.214804,-0.71385,2024-08-29 22:55:17
1724943317170.0,0.144269,1.770941,-0.063955,0.632124,-0.211679,-0.215581,-0.713538,2024-08-29 22:55:17
1724943317201.0,0.147872,1.803761,-0.068162,0.632757,-0.210789,-0.216063,-0.713094,2024-08-29 22:55:17
1724943317236.0,0.151072,1.841258,-0.071099,0.6317,-0.210292,-0.215697,-0.714288,2024-08-29 22:55:17
1724943317269.0,0.1562,1.875066,-0.076015,0.631443,-0.209161,-0.21636,-0.714647,2024-08-29 22:55:17
1724943317301.0,0.160874,1.90881,-0.080364,0.635959,-0.20671,-0.215621,-0.711572,2024-08-29 22:55:17
1724943317338.0,0.164493,1.936114,-0.083826,0.641483,-0.202766,-0.212848,-0.708577,2024-08-29 22:55:17
1724943317365.0,0.169889,1.969681,-0.086538,0.643837,-0.205891,-0.203573,-0.708266,2024-08-29 22:55:17
1724943317401.0,0.174949,2.004738,-0.088249,0.645383,-0.20907,-0.204637,-0.705616,2024-08-29 22:55:17
1724943317435.0,0.178122,2.040239,-0.084706,0.647282,-0.210447,-0.211605,-0.701399,2024-08-29 22:55:17
1724943317469.0,0.183703,2.074042,-0.083975,0.647501,-0.213766,-0.210666,-0.700476,2024-08-29 22:55:17
1724943317505.0,0.189547,2.107057,-0.082924,0.645716,-0.215548,-0.207628,-0.702482,2024-08-29 22:55:17
1724943317538.0,0.193985,2.137287,-0.086254,0.644598,-0.216729,-0.20887,-0.702777,2024-08-29 22:55:17
1724943317569.0,0.198247,2.170853,-0.086216,0.643485,-0.218747,-0.211649,-0.70234,2024-08-29 22:55:17
1724943317601.0,0.202015,2.204307,-0.086897,0.642513,-0.221184,-0.216248,-0.701065,2024-08-29 22:55:17
1724943317634.0,0.203371,2.23751,-0.088003,0.641751,-0.225426,-0.219344,-0.699447,2024-08-29 22:55:17
1724943317672.0,0.206309,2.269531,-0.089485,0.641111,-0.230198,-0.217377,-0.699095,2024-08-29 22:55:17
1724943317702.0,0.208831,2.301011,-0.091501,0.640969,-0.232427,-0.213551,-0.699666,2024-08-29 22:55:17
1724943317733.0,0.209257,2.327081,-0.089264,0.64167,-0.23347,-0.210128,-0.699712,2024-08-29 22:55:17
1724943317765.0,0.210576,2.359477,-0.09259,0.642088,-0.234438,-0.207822,-0.699694,2024-08-29 22:55:17
1724943317800.0,0.211688,2.392562,-0.096467,0.641909,-0.234906,-0.206245,-0.700167,2024-08-29 22:55:17
1724943317837.0,0.210196,2.423183,-0.093043,0.64339,-0.232365,-0.203257,-0.70053,2024-08-29 22:55:17
1724943317870.0,0.211034,2.457057,-0.096606,0.644514,-0.228731,-0.199939,-0.701647,2024-08-29 22:55:17
1724943317903.0,0.21211,2.492258,-0.100183,0.642429,-0.226606,-0.199497,-0.704369,2024-08-29 22:55:17
1724943317935.0,0.224868,2.468988,-0.129959,0.639489,-0.225407,-0.202407,-0.706595,2024-08-29 22:55:17
1724943317967.0,0.225324,2.505529,-0.131571,0.636732,-0.225857,-0.203347,-0.708669,2024-08-29 22:55:17
1724943317998.0,0.225681,2.542619,-0.131964,0.632417,-0.228471,-0.207847,-0.710387,2024-08-29 22:55:17
1724943318039.0,0.232064,2.581259,-0.075528,0.629251,-0.235784,-0.205812,-0.711401,2024-08-29 22:55:18
1724943318068.0,0.232338,2.615871,-0.07271,0.630138,-0.234863,-0.201481,-0.71216,2024-08-29 22:55:18
1724943318113.0,0.23347,2.649861,-0.0691,0.632682,-0.225947,-0.20209,-0.712616,2024-08-29 22:55:18
1724943318137.0,0.241354,2.688866,-0.071985,0.632466,-0.220834,-0.203402,-0.714035,2024-08-29 22:55:18
1724943318167.0,0.243724,2.722915,-0.070198,0.628463,-0.222983,-0.202778,-0.717073,2024-08-29 22:55:18
1724943318203.0,0.247802,2.757703,-0.071648,0.625249,-0.226224,-0.205679,-0.71804,2024-08-29 22:55:18
1724943318234.0,0.249135,2.790913,-0.071704,0.62622,-0.225877,-0.209134,-0.716303,2024-08-29 22:55:18
1724943318272.0,0.250084,2.822773,-0.072056,0.630181,-0.222279,-0.207088,-0.714547,2024-08-29 22:55:18
1724943318300.0,0.250971,2.854366,-0.073122,0.635058,-0.218185,-0.203365,-0.712558,2024-08-29 22:55:18
1724943318336.0,0.252128,2.888024,-0.078983,0.638778,-0.215195,-0.200689,-0.710899,2024-08-29 22:55:18
1724943318366.0,0.254457,2.920869,-0.082423,0.639285,-0.215384,-0.196993,-0.71142,2024-08-29 22:55:18
1724943318407.0,0.257601,2.954984,-0.087152,0.637118,-0.2188,-0.193296,-0.713333,2024-08-29 22:55:18
1724943318432.0,0.26202,2.990218,-0.095626,0.637592,-0.220738,-0.19334,-0.712299,2024-08-29 22:55:18
1724943318466.0,0.265224,3.025276,-0.099863,0.642286,-0.218326,-0.192979,-0.708915,2024-08-29 22:55:18
1724943318503.0,0.269561,3.060186,-0.102757,0.646572,-0.214309,-0.189222,-0.707256,2024-08-29 22:55:18
1724943318538.0,0.273322,3.102769,-0.109019,0.649123,-0.214687,-0.180798,-0.707008,2024-08-29 22:55:18
1724943318568.0,0.278295,3.139655,-0.108745,0.651264,-0.217066,-0.179979,-0.704517,2024-08-29 22:55:18
1724943318606.0,0.283149,3.176634,-0.106987,0.652959,-0.221256,-0.184154,-0.700555,2024-08-29 22:55:18
1724943318636.0,0.288741,3.215578,-0.106461,0.654046,-0.224329,-0.177921,-0.700174,2024-08-29 22:55:18
1724943318672.0,0.293437,3.25014,-0.103333,0.65557,-0.224588,-0.172614,-0.699995,2024-08-29 22:55:18
1724943318702.0,0.297336,3.285164,-0.100956,0.656765,-0.225285,-0.17338,-0.69846,2024-08-29 22:55:18
1724943318736.0,0.302772,3.319824,-0.101331,0.65526,-0.226021,-0.176556,-0.69884,2024-08-29 22:55:18
1724943318768.0,0.306218,3.354037,-0.100433,0.652261,-0.228818,-0.180586,-0.699705,2024-08-29 22:55:18
1724943318801.0,0.309294,3.387061,-0.100291,0.648884,-0.232682,-0.180524,-0.701584,2024-08-29 22:55:18
1724943318833.0,0.313676,3.416796,-0.102183,0.647425,-0.231578,-0.17769,-0.704016,2024-08-29 22:55:18
1724943318870.0,0.315818,3.448788,-0.103999,0.648071,-0.228707,-0.176476,-0.704665,2024-08-29 22:55:18
1724943318905.0,0.31776,3.481619,-0.107569,0.646783,-0.228418,-0.176151,-0.706023,2024-08-29 22:55:18
1724943318941.0,0.318968,3.514962,-0.113607,0.643646,-0.229916,-0.17647,-0.70832,2024-08-29 22:55:18
1724943318971.0,0.319697,3.54929,-0.119475,0.641791,-0.229878,-0.178706,-0.709453,2024-08-29 22:55:18
1724943319006.0,0.319604,3.583841,-0.125327,0.641679,-0.227322,-0.181105,-0.70977,2024-08-29 22:55:19
1724943319033.0,0.321598,3.61764,-0.13179,0.640772,-0.224124,-0.181319,-0.711549,2024-08-29 22:55:19
1724943319069.0,0.320965,3.653304,-0.136082,0.638402,-0.223424,-0.182571,-0.713577,2024-08-29 22:55:19
1724943319103.0,0.320019,3.689414,-0.138771,0.635863,-0.224057,-0.185013,-0.715015,2024-08-29 22:55:19
1724943319135.0,0.31843,3.727725,-0.139316,0.633057,-0.223552,-0.184188,-0.717871,2024-08-29 22:55:19
1724943319172.0,0.317238,3.762995,-0.138675,0.631066,-0.22555,-0.182332,-0.71947,2024-08-29 22:55:19
1724943319204.0,0.315758,3.797374,-0.13737,0.632684,-0.22634,-0.179082,-0.718617,2024-08-29 22:55:19
1724943319246.0,0.315678,3.830949,-0.135817,0.637147,-0.219049,-0.178339,-0.717116,2024-08-29 22:55:19
1724943319278.0,0.315134,3.864339,-0.134051,0.640061,-0.209938,-0.180992,-0.716582,2024-08-29 22:55:19
1724943319303.0,0.315394,3.898483,-0.133377,0.63664,-0.209296,-0.183674,-0.71913,2024-08-29 22:55:19
1724943319332.0,0.31576,3.933973,-0.134062,0.629869,-0.216165,-0.188194,-0.721887,2024-08-29 22:55:19
1724943319365.0,0.315411,3.968833,-0.134972,0.62523,-0.221062,-0.197171,-0.722041,2024-08-29 22:55:19
1724943319409.0,0.314481,4.002367,-0.135955,0.623463,-0.223772,-0.200355,-0.721857,2024-08-29 22:55:19
1724943319432.0,0.31387,4.029475,-0.13683,0.624153,-0.225935,-0.196552,-0.721633,2024-08-29 22:55:19
1724943319470.0,0.312228,4.062111,-0.138793,0.626627,-0.225017,-0.195994,-0.719925,2024-08-29 22:55:19
1724943319500.0,0.310908,4.095464,-0.141895,0.627974,-0.225847,-0.195012,-0.718758,2024-08-29 22:55:19
1724943319536.0,0.311658,4.129462,-0.146326,0.626752,-0.230857,-0.190822,-0.719357,2024-08-29 22:55:19
1724943319567.0,0.31098,4.164172,-0.151304,0.626954,-0.234278,-0.188648,-0.718648,2024-08-29 22:55:19
1724943319602.0,0.309572,4.198337,-0.155523,0.634335,-0.231691,-0.187065,-0.713404,2024-08-29 22:55:19
1724943319634.0,0.307885,4.236856,-0.158737,0.639804,-0.239903,-0.178699,-0.70793,2024-08-29 22:55:19
1724943319665.0,0.308866,4.27164,-0.162222,0.638044,-0.25273,-0.170008,-0.707195,2024-08-29 22:55:19
1724943319701.0,0.310321,4.306076,-0.164117,0.640003,-0.256685,-0.161927,-0.705895,2024-08-29 22:55:19
1724943319737.0,0.310483,4.340111,-0.163382,0.646492,-0.249786,-0.166131,-0.701467,2024-08-29 22:55:19
1724943319767.0,0.312766,4.375504,-0.162635,0.648175,-0.247595,-0.17233,-0.699191,2024-08-29 22:55:19
1724943319802.0,0.315647,4.409317,-0.16145,0.645916,-0.250871,-0.167871,-0.701196,2024-08-29 22:55:19
1724943319836.0,0.31838,4.438791,-0.159248,0.645317,-0.250979,-0.163987,-0.702626,2024-08-29 22:55:19
1724943319870.0,0.319629,4.47139,-0.15828,0.645138,-0.249919,-0.168224,-0.702167,2024-08-29 22:55:19
1724943319901.0,0.32046,4.503562,-0.157697,0.642665,-0.251962,-0.172481,-0.702672,2024-08-29 22:55:19
1724943319935.0,0.321402,4.53316,-0.157958,0.637277,-0.25772,-0.173213,-0.705306,2024-08-29 22:55:19
1724943319970.0,0.321796,4.563337,-0.158446,0.631789,-0.263808,-0.169625,-0.708855,2024-08-29 22:55:19
1724943320001.0,0.321063,4.593299,-0.159707,0.630517,-0.266251,-0.167795,-0.709509,2024-08-29 22:55:20
1724943320064.0,0.319334,4.62475,-0.162168,0.630852,-0.267781,-0.170744,-0.70793,2024-08-29 22:55:20
1724943320083.0,0.31756,4.655384,-0.165231,0.629965,-0.271681,-0.172555,-0.706795,2024-08-29 22:55:20
1724943320101.0,0.315247,4.685599,-0.168356,0.630954,-0.274577,-0.171758,-0.704984,2024-08-29 22:55:20
1724943320133.0,0.312081,4.717381,-0.171819,0.63367,-0.274331,-0.17047,-0.702954,2024-08-29 22:55:20
1724943320168.0,0.309446,4.747215,-0.174482,0.635721,-0.272637,-0.166048,-0.70282,2024-08-29 22:55:20
1724943320203.0,0.306848,4.777636,-0.176987,0.636186,-0.270109,-0.161621,-0.704405,2024-08-29 22:55:20
1724943320235.0,0.30342,4.808043,-0.179613,0.635797,-0.268237,-0.160325,-0.705767,2024-08-29 22:55:20
1724943320269.0,0.299893,4.840048,-0.181237,0.636251,-0.265339,-0.161483,-0.706189,2024-08-29 22:55:20
1724943320303.0,0.295953,4.871708,-0.181223,0.638518,-0.260918,-0.159396,-0.706264,2024-08-29 22:55:20
1724943320336.0,0.291213,4.900694,-0.179854,0.640004,-0.256833,-0.159111,-0.706481,2024-08-29 22:55:20
1724943320369.0,0.286448,4.933038,-0.177697,0.640668,-0.259004,-0.161795,-0.704474,2024-08-29 22:55:20
1724943320403.0,0.281242,4.964283,-0.174468,0.643806,-0.261732,-0.161333,-0.700701,2024-08-29 22:55:20
1724943320439.0,0.276688,4.989651,-0.169019,0.647866,-0.257565,-0.157839,-0.699297,2024-08-29 22:55:20
1724943320473.0,0.272345,5.018632,-0.165303,0.649789,-0.254986,-0.155056,-0.69908,2024-08-29 22:55:20
1724943320498.0,0.267684,5.048172,-0.162752,0.647634,-0.260323,-0.153248,-0.699512,2024-08-29 22:55:20
1724943320536.0,0.264333,5.084874,-0.158491,0.646568,-0.265483,-0.155926,-0.697965,2024-08-29 22:55:20
1724943320562.0,0.258673,5.113002,-0.156485,0.649524,-0.266437,-0.157497,-0.694496,2024-08-29 22:55:20
1724943320602.0,0.253141,5.139922,-0.154563,0.651898,-0.268344,-0.153194,-0.692497,2024-08-29 22:55:20
1724943320636.0,0.246782,5.16525,-0.1524,0.653092,-0.271002,-0.1461,-0.691869,2024-08-29 22:55:20
1724943320668.0,0.241057,5.191777,-0.152006,0.654588,-0.272828,-0.138589,-0.691283,2024-08-29 22:55:20
1724943320701.0,0.235009,5.219041,-0.152993,0.655462,-0.275912,-0.13175,-0.690567,2024-08-29 22:55:20
1724943320733.0,0.227667,5.241606,-0.154571,0.656287,-0.279746,-0.125134,-0.689471,2024-08-29 22:55:20
1724943320773.0,0.220907,5.270175,-0.15777,0.658294,-0.282549,-0.120302,-0.687271,2024-08-29 22:55:20
1724943320799.0,0.213487,5.299015,-0.161477,0.661425,-0.286616,-0.115084,-0.683464,2024-08-29 22:55:20
1724943320839.0,0.203065,5.329496,-0.164692,0.664477,-0.293681,-0.106013,-0.678957,2024-08-29 22:55:20
1724943320864.0,0.1944,5.357111,-0.168145,0.668943,-0.301494,-0.094765,-0.672783,2024-08-29 22:55:20
1724943320898.0,0.184523,5.383586,-0.170664,0.674738,-0.310701,-0.078033,-0.664909,2024-08-29 22:55:20
1724943320933.0,0.171427,5.413106,-0.172834,0.682203,-0.318418,-0.068891,-0.654571,2024-08-29 22:55:20
1724943320966.0,0.159246,5.439136,-0.173195,0.689908,-0.327567,-0.066132,-0.642147,2024-08-29 22:55:20
1724943321015.0,0.14752,5.462961,-0.172461,0.693063,-0.341491,-0.055381,-0.63244,2024-08-29 22:55:21
1724943321041.0,0.132723,5.486459,-0.171229,0.692974,-0.357119,-0.040345,-0.625001,2024-08-29 22:55:21
1724943321072.0,0.119312,5.507154,-0.170213,0.69374,-0.371208,-0.029638,-0.616483,2024-08-29 22:55:21
1724943321100.0,0.104599,5.526353,-0.169476,0.695349,-0.383312,-0.020497,-0.60757,2024-08-29 22:55:21
1724943321133.0,0.086712,5.541213,-0.16972,0.696586,-0.395096,-0.013541,-0.598735,2024-08-29 22:55:21
1724943321165.0,0.070684,5.557939,-0.169755,0.695397,-0.409996,-0.00756,-0.590144,2024-08-29 22:55:21
1724943321200.0,0.054513,5.57275,-0.169791,0.692634,-0.425802,0.0033,-0.582185,2024-08-29 22:55:21
1724943321234.0,0.035308,5.595697,-0.170049,0.691379,-0.437121,0.016396,-0.575023,2024-08-29 22:55:21
1724943321267.0,0.017941,5.608116,-0.17004,0.691283,-0.445195,0.02738,-0.568489,2024-08-29 22:55:21
1724943321302.0,-0.000265,5.619568,-0.170399,0.689986,-0.454652,0.040299,-0.561771,2024-08-29 22:55:21
1724943321341.0,-0.019178,5.628542,-0.171317,0.688772,-0.462034,0.055723,-0.55589,2024-08-29 22:55:21
1724943321367.0,-0.038949,5.63735,-0.171991,0.688652,-0.467231,0.071539,-0.549851,2024-08-29 22:55:21
1724943321404.0,-0.059747,5.64497,-0.172771,0.689108,-0.471932,0.087788,-0.542867,2024-08-29 22:55:21
1724943321433.0,-0.08485,5.662689,-0.174055,0.689589,-0.475421,0.10434,-0.536241,2024-08-29 22:55:21
1724943321466.0,-0.106755,5.668859,-0.174243,0.689755,-0.476537,0.119516,-0.531852,2024-08-29 22:55:21
1724943321504.0,-0.129207,5.674639,-0.173847,0.689971,-0.477782,0.130718,-0.527804,2024-08-29 22:55:21
1724943321537.0,-0.15213,5.680821,-0.172506,0.687634,-0.482456,0.141864,-0.523707,2024-08-29 22:55:21
1724943321567.0,-0.174382,5.685731,-0.169822,0.682176,-0.489892,0.153556,-0.520637,2024-08-29 22:55:21
1724943321600.0,-0.196479,5.690056,-0.16622,0.677046,-0.497108,0.163383,-0.517493,2024-08-29 22:55:21
1724943321639.0,-0.218946,5.693958,-0.162046,0.673049,-0.503751,0.174725,-0.512553,2024-08-29 22:55:21
1724943321671.0,-0.240455,5.695878,-0.157986,0.669454,-0.508323,0.187415,-0.508247,2024-08-29 22:55:21
1724943321700.0,-0.262086,5.696896,-0.154426,0.668743,-0.509545,0.196548,-0.504495,2024-08-29 22:55:21
1724943321734.0,-0.28847,5.704506,-0.152628,0.667553,-0.513736,0.202693,-0.499364,2024-08-29 22:55:21
1724943321768.0,-0.31046,5.705087,-0.151271,0.66422,-0.521159,0.207931,-0.493933,2024-08-29 22:55:21
1724943321804.0,-0.332736,5.705263,-0.150954,0.662358,-0.527914,0.209057,-0.488757,2024-08-29 22:55:21
1724943321841.0,-0.362769,5.717393,-0.152264,0.66183,-0.536997,0.206882,-0.480432,2024-08-29 22:55:21
1724943321874.0,-0.386042,5.716489,-0.153723,0.658725,-0.548506,0.209717,-0.470362,2024-08-29 22:55:21
1724943321901.0,-0.408647,5.714728,-0.155552,0.655171,-0.556256,0.216194,-0.463239,2024-08-29 22:55:21
1724943321934.0,-0.436347,5.719905,-0.157987,0.654977,-0.559425,0.219836,-0.457954,2024-08-29 22:55:21
1724943321972.0,-0.459948,5.717928,-0.160992,0.653184,-0.564618,0.224713,-0.451732,2024-08-29 22:55:21
1724943322006.0,-0.483643,5.715573,-0.164494,0.649486,-0.570973,0.231638,-0.445535,2024-08-29 22:55:22
1724943322036.0,-0.511245,5.719492,-0.167733,0.648345,-0.57405,0.238846,-0.439396,2024-08-29 22:55:22
1724943322071.0,-0.535206,5.716369,-0.171114,0.648455,-0.57527,0.246543,-0.433345,2024-08-29 22:55:22
1724943322107.0,-0.558807,5.713035,-0.174274,0.64724,-0.577599,0.254441,-0.427458,2024-08-29 22:55:22
1724943322134.0,-0.593574,5.726336,-0.177508,0.645073,-0.581802,0.263638,-0.419384,2024-08-29 22:55:22
1724943322167.0,-0.616051,5.722404,-0.179337,0.638705,-0.58714,0.279291,-0.411483,2024-08-29 22:55:22
1724943322197.0,-0.63933,5.71772,-0.180316,0.638394,-0.588854,0.288081,-0.403377,2024-08-29 22:55:22
1724943322242.0,-0.671022,5.720268,-0.180638,0.644642,-0.588409,0.288513,-0.393665,2024-08-29 22:55:22
1724943322269.0,-0.693767,5.714603,-0.179621,0.644578,-0.59128,0.29418,-0.385181,2024-08-29 22:55:22
1724943322298.0,-0.715007,5.708245,-0.178186,0.639628,-0.595778,0.303253,-0.379424,2024-08-29 22:55:22
1724943322337.0,-0.747077,5.706587,-0.175794,0.640066,-0.597489,0.306501,-0.373337,2024-08-29 22:55:22
1724943322368.0,-0.768941,5.698147,-0.174819,0.641198,-0.599719,0.307102,-0.367275,2024-08-29 22:55:22
1724943322399.0,-0.789607,5.688846,-0.173991,0.640432,-0.603667,0.307074,-0.362131,2024-08-29 22:55:22
1724943322430.0,-0.818019,5.688208,-0.173823,0.637108,-0.609131,0.309214,-0.356987,2024-08-29 22:55:22
1724943322478.0,-0.836744,5.676612,-0.173659,0.634271,-0.612315,0.31516,-0.351346,2024-08-29 22:55:22
1724943322504.0,-0.854856,5.664153,-0.17387,0.633104,-0.61213,0.32088,-0.348586,2024-08-29 22:55:22
1724943322543.0,-0.876822,5.65517,-0.174922,0.630831,-0.612285,0.325733,-0.347932,2024-08-29 22:55:22
1724943322573.0,-0.895176,5.642366,-0.177001,0.625943,-0.616009,0.330369,-0.34581,2024-08-29 22:55:22
1724943322604.0,-0.914119,5.629231,-0.180077,0.621711,-0.61956,0.332828,-0.344741,2024-08-29 22:55:22
1724943322636.0,-0.934338,5.615642,-0.183886,0.620553,-0.619557,0.333925,-0.34577,2024-08-29 22:55:22
1724943322664.0,-0.954139,5.601175,-0.187569,0.619023,-0.619034,0.335994,-0.347442,2024-08-29 22:55:22
1724943322711.0,-0.974536,5.586307,-0.191167,0.616495,-0.620233,0.336381,-0.349417,2024-08-29 22:55:22
1724943322737.0,-0.998966,5.572852,-0.194266,0.616202,-0.620516,0.334327,-0.351397,2024-08-29 22:55:22
1724943322766.0,-1.019352,5.556228,-0.196081,0.61542,-0.619944,0.335014,-0.35312,2024-08-29 22:55:22
1724943322797.0,-1.039759,5.539097,-0.196531,0.614242,-0.621235,0.333983,-0.353876,2024-08-29 22:55:22
1724943322830.0,-1.070877,5.522865,-0.19596,0.614926,-0.62361,0.329345,-0.352857,2024-08-29 22:55:22
1724943322873.0,-1.08973,5.504843,-0.194166,0.61242,-0.62646,0.330146,-0.351415,2024-08-29 22:55:22
1724943322918.0,-1.107222,5.486339,-0.192016,0.60932,-0.626666,0.334181,-0.352622,2024-08-29 22:55:22
1724943322955.0,-1.176008,5.485373,-0.190004,0.612275,-0.622747,0.334291,-0.354337,2024-08-29 22:55:22
1724943322975.0,-1.195042,5.466574,-0.189251,0.613993,-0.621278,0.3327,-0.355437,2024-08-29 22:55:22
1724943323003.0,-1.213866,5.447706,-0.189679,0.612985,-0.624652,0.329948,-0.353826,2024-08-29 22:55:23
1724943323037.0,-1.232387,5.428479,-0.191103,0.61402,-0.627626,0.324671,-0.351644,2024-08-29 22:55:23
1724943323095.0,-1.249757,5.40876,-0.193022,0.616166,-0.626857,0.322494,-0.351266,2024-08-29 22:55:23
1724943323123.0,-1.266431,5.389149,-0.195598,0.616172,-0.626338,0.322786,-0.351912,2024-08-29 22:55:23
1724943323148.0,-1.17558,5.305975,-0.205864,0.609738,-0.629407,0.324977,-0.355607,2024-08-29 22:55:23
1724943323186.0,-1.185579,5.281713,-0.210928,0.607131,-0.63356,0.323269,-0.354248,2024-08-29 22:55:23
1724943323210.0,-1.195819,5.256691,-0.216615,0.606842,-0.63484,0.323297,-0.35242,2024-08-29 22:55:23
1724943323242.0,-1.301412,5.350892,-0.207984,0.614975,-0.65822,0.287581,-0.325347,2024-08-29 22:55:23
1724943323269.0,-1.338398,5.352342,-0.215265,0.614666,-0.658833,0.289392,-0.323075,2024-08-29 22:55:23
1724943323304.0,-1.376171,5.353472,-0.22177,0.616248,-0.657058,0.293616,-0.319848,2024-08-29 22:55:23
1724943323338.0,-1.409998,5.355435,-0.2291,0.615347,-0.655607,0.302142,-0.316603,2024-08-29 22:55:23
1724943323369.0,-1.448531,5.356546,-0.233061,0.613331,-0.655477,0.310503,-0.31267,2024-08-29 22:55:23
1724943323405.0,-1.488692,5.357157,-0.235867,0.618012,-0.653143,0.311594,-0.307204,2024-08-29 22:55:23
1724943323439.0,-1.525385,5.366352,-0.226451,0.616652,-0.655304,0.312295,-0.304611,2024-08-29 22:55:23
1724943323468.0,-1.56304,5.36853,-0.225911,0.613107,-0.658146,0.316444,-0.30134,2024-08-29 22:55:23
1724943323503.0,-1.600725,5.370045,-0.225351,0.613283,-0.657642,0.318237,-0.300193,2024-08-29 22:55:23
1724943323552.0,-1.663159,5.3733,-0.229026,0.613903,-0.65778,0.318553,-0.298283,2024-08-29 22:55:23
1724943323568.0,-1.701354,5.373346,-0.229351,0.615812,-0.658142,0.317003,-0.295183,2024-08-29 22:55:23
1724943323609.0,-1.738614,5.37278,-0.229671,0.618257,-0.656755,0.316201,-0.294021,2024-08-29 22:55:23
1724943323637.0,-1.776746,5.3776,-0.229158,0.613817,-0.657835,0.321738,-0.294901,2024-08-29 22:55:23
1724943323671.0,-1.811691,5.376644,-0.230133,0.610289,-0.658741,0.327156,-0.29424,2024-08-29 22:55:23
1724943323709.0,-1.847259,5.37513,-0.232296,0.609163,-0.657471,0.331363,-0.294706,2024-08-29 22:55:23
1724943323745.0,-1.865129,5.374466,-0.230878,0.607204,-0.655333,0.337009,-0.297097,2024-08-29 22:55:23
1724943323774.0,-1.901435,5.372646,-0.235273,0.606409,-0.655858,0.336712,-0.297898,2024-08-29 22:55:23
1724943323820.0,-1.938609,5.370448,-0.240264,0.605312,-0.656611,0.33629,-0.298945,2024-08-29 22:55:23
1724943323835.0,-1.978064,5.372933,-0.241467,0.602497,-0.655617,0.338625,-0.304133,2024-08-29 22:55:23
1724943323883.0,-2.015338,5.370835,-0.245612,0.600329,-0.653972,0.34036,-0.309969,2024-08-29 22:55:23
1724943323912.0,-2.053515,5.368595,-0.249217,0.597295,-0.654313,0.340208,-0.315234,2024-08-29 22:55:23
1724943323945.0,-2.077549,5.364679,-0.246989,0.595375,-0.653615,0.340159,-0.320326,2024-08-29 22:55:23
1724943323989.0,-2.115273,5.361513,-0.247514,0.594472,-0.653207,0.339023,-0.324018,2024-08-29 22:55:23
1724943324029.0,-2.166709,5.363435,-0.242756,0.593241,-0.654381,0.337002,-0.326007,2024-08-29 22:55:24
1724943324059.0,-2.204289,5.361093,-0.240353,0.592473,-0.65469,0.335785,-0.328032,2024-08-29 22:55:24
1724943324097.0,-2.241131,5.359349,-0.237434,0.593428,-0.651948,0.334869,-0.332671,2024-08-29 22:55:24
1724943324113.0,-2.277927,5.358376,-0.234605,0.594651,-0.650372,0.331391,-0.337025,2024-08-29 22:55:24
1724943324160.0,-2.318742,5.365103,-0.231884,0.593613,-0.653597,0.324027,-0.339767,2024-08-29 22:55:24
1724943324196.0,-2.355083,5.365429,-0.23106,0.592215,-0.656795,0.318551,-0.341215,2024-08-29 22:55:24
1724943324228.0,-2.391209,5.365116,-0.23132,0.593976,-0.656814,0.313954,-0.342374,2024-08-29 22:55:24
1724943324257.0,-2.425982,5.361873,-0.232561,0.595577,-0.655413,0.311543,-0.344474,2024-08-29 22:55:24
1724943324302.0,-2.461804,5.360712,-0.235306,0.594609,-0.65562,0.311439,-0.345845,2024-08-29 22:55:24
1724943324340.0,-2.498019,5.359089,-0.239248,0.59548,-0.654608,0.311376,-0.346319,2024-08-29 22:55:24
1724943324377.0,-2.521495,5.360814,-0.243245,0.595993,-0.654104,0.311071,-0.346662,2024-08-29 22:55:24
1724943324403.0,-2.594207,5.359211,-0.254298,0.590787,-0.658809,0.314228,-0.343805,2024-08-29 22:55:24
1724943324455.0,-2.633804,5.359943,-0.260669,0.591366,-0.657907,0.316936,-0.342047,2024-08-29 22:55:24
1724943324492.0,-2.671051,5.359543,-0.264677,0.591845,-0.656833,0.319967,-0.340456,2024-08-29 22:55:24
1724943324501.0,-2.708146,5.359453,-0.267076,0.589299,-0.658236,0.325777,-0.336632,2024-08-29 22:55:24
1724943324539.0,-2.746001,5.360217,-0.264807,0.587669,-0.659246,0.332059,-0.331325,2024-08-29 22:55:24
1724943324572.0,-2.783686,5.359452,-0.263702,0.59245,-0.656223,0.33501,-0.325796,2024-08-29 22:55:24
1724943324607.0,-2.820092,5.35873,-0.26121,0.594722,-0.652741,0.341936,-0.321427,2024-08-29 22:55:24
1724943324644.0,-2.865775,5.361353,-0.250327,0.592626,-0.651664,0.348752,-0.320158,2024-08-29 22:55:24
1724943324676.0,-2.902014,5.361338,-0.247782,0.591681,-0.65275,0.349524,-0.318848,2024-08-29 22:55:24
1724943324714.0,-2.938174,5.360625,-0.245727,0.593005,-0.653098,0.347354,-0.318045,2024-08-29 22:55:24
1724943324739.0,-2.967467,5.365648,-0.24606,0.594768,-0.653785,0.342684,-0.318407,2024-08-29 22:55:24
1724943324769.0,-3.001672,5.364663,-0.245138,0.595729,-0.655835,0.338711,-0.316642,2024-08-29 22:55:24
1724943324814.0,-3.034418,5.363111,-0.244816,0.593126,-0.6583,0.34029,-0.314715,2024-08-29 22:55:24
1724943324854.0,-3.066572,5.366832,-0.250035,0.593047,-0.656061,0.344144,-0.315348,2024-08-29 22:55:24
1724943324886.0,-3.099489,5.364672,-0.251882,0.594656,-0.652096,0.346655,-0.317782,2024-08-29 22:55:24
1724943324903.0,-3.133612,5.362537,-0.255023,0.59612,-0.650845,0.345041,-0.319356,2024-08-29 22:55:24
1724943324938.0,-3.142545,5.370687,-0.257398,0.594995,-0.652011,0.341784,-0.322561,2024-08-29 22:55:24
1724943324981.0,-3.176671,5.368988,-0.261378,0.59318,-0.652615,0.339766,-0.326787,2024-08-29 22:55:24
1724943325010.0,-3.211379,5.366892,-0.265103,0.592904,-0.651638,0.336758,-0.332307,2024-08-29 22:55:25
1724943325042.0,-3.233763,5.368745,-0.267498,0.591984,-0.651964,0.332686,-0.337368,2024-08-29 22:55:25
1724943325077.0,-3.268697,5.366092,-0.26982,0.591226,-0.65168,0.329421,-0.342412,2024-08-29 22:55:25
1724943325108.0,-3.30388,5.362747,-0.270823,0.590502,-0.652143,0.326651,-0.345421,2024-08-29 22:55:25
1724943325138.0,-3.33042,5.366528,-0.266893,0.592154,-0.655346,0.318143,-0.34447,2024-08-29 22:55:25
1724943325185.0,-3.36576,5.362682,-0.264903,0.594967,-0.659069,0.310046,-0.339873,2024-08-29 22:55:25
1724943325221.0,-3.398299,5.35936,-0.261046,0.59396,-0.65905,0.310292,-0.341443,2024-08-29 22:55:25
1724943325240.0,-3.437197,5.36042,-0.25104,0.592074,-0.656641,0.312947,-0.346893,2024-08-29 22:55:25
1724943325286.0,-3.469528,5.357498,-0.247456,0.594849,-0.653628,0.31142,-0.349202,2024-08-29 22:55:25
1724943325309.0,-3.501585,5.355303,-0.245052,0.595626,-0.653149,0.3086,-0.351273,2024-08-29 22:55:25
1724943325333.0,-3.53934,5.356276,-0.243759,0.595079,-0.655531,0.305168,-0.35076,2024-08-29 22:55:25
1724943325368.0,-3.571729,5.35449,-0.243991,0.597353,-0.656102,0.300639,-0.349737,2024-08-29 22:55:25
1724943325403.0,-3.60324,5.352801,-0.244581,0.599939,-0.653965,0.298935,-0.35077,2024-08-29 22:55:25
1724943325431.0,-3.644255,5.357983,-0.238135,0.598983,-0.652926,0.300008,-0.353415,2024-08-29 22:55:25
1724943325467.0,-3.675459,5.35784,-0.239728,0.596027,-0.654111,0.301063,-0.355319,2024-08-29 22:55:25
1724943325500.0,-3.707109,5.35793,-0.242141,0.594468,-0.65396,0.302535,-0.356955,2024-08-29 22:55:25
1724943325540.0,-3.744804,5.362761,-0.238907,0.592314,-0.65335,0.306444,-0.358314,2024-08-29 22:55:25
1724943325566.0,-3.778205,5.36359,-0.242317,0.589726,-0.653741,0.309928,-0.358874,2024-08-29 22:55:25
1724943325603.0,-3.812259,5.364498,-0.245424,0.59027,-0.651921,0.31268,-0.358903,2024-08-29 22:55:25
1724943325633.0,-3.860291,5.366172,-0.246967,0.591665,-0.648828,0.31752,-0.357961,2024-08-29 22:55:25
1724943325665.0,-3.894139,5.368124,-0.247614,0.587489,-0.649007,0.325716,-0.35715,2024-08-29 22:55:25
1724943325706.0,-3.929621,5.370262,-0.247313,0.585614,-0.651032,0.329669,-0.352892,2024-08-29 22:55:25
1724943325739.0,-3.957355,5.374148,-0.24509,0.590108,-0.653381,0.325526,-0.344815,2024-08-29 22:55:25
1724943325763.0,-3.99262,5.376724,-0.243094,0.588066,-0.658979,0.325718,-0.33739,2024-08-29 22:55:25
1724943325798.0,-4.026384,5.378716,-0.240611,0.586585,-0.660478,0.329397,-0.333443,2024-08-29 22:55:25
1724943325830.0,-4.055455,5.381236,-0.238046,0.592269,-0.655072,0.331003,-0.332468,2024-08-29 22:55:25
1724943325867.0,-4.088694,5.382235,-0.235688,0.597751,-0.651337,0.32873,-0.332251,2024-08-29 22:55:25
1724943325901.0,-4.121334,5.383355,-0.233635,0.602304,-0.650098,0.324082,-0.331019,2024-08-29 22:55:25
1724943325935.0,-4.140646,5.387066,-0.229248,0.602858,-0.651629,0.321814,-0.329206,2024-08-29 22:55:25
1724943325972.0,-4.170869,5.388347,-0.227481,0.598942,-0.654469,0.323762,-0.328811,2024-08-29 22:55:25
1724943326002.0,-4.201182,5.389016,-0.226684,0.597597,-0.654092,0.326098,-0.329699,2024-08-29 22:55:26
1724943326034.0,-4.242464,5.388823,-0.230276,0.598189,-0.653073,0.32664,-0.330108,2024-08-29 22:55:26
1724943326067.0,-4.274607,5.3888,-0.232317,0.596001,-0.654307,0.327759,-0.330513,2024-08-29 22:55:26
1724943326098.0,-4.307158,5.388249,-0.235102,0.595017,-0.653753,0.3294,-0.331749,2024-08-29 22:55:26
1724943326132.0,-4.351544,5.387352,-0.240697,0.596174,-0.649677,0.330956,-0.336103,2024-08-29 22:55:26
1724943326167.0,-4.385804,5.386703,-0.243146,0.595286,-0.648455,0.329921,-0.341018,2024-08-29 22:55:26
1724943326201.0,-4.420737,5.38619,-0.24519,0.591035,-0.651447,0.32778,-0.344754,2024-08-29 22:55:26
1724943326232.0,-4.472407,5.384637,-0.248522,0.587888,-0.653651,0.326481,-0.347187,2024-08-29 22:55:26
1724943326268.0,-4.509418,5.382945,-0.247916,0.584554,-0.656151,0.325132,-0.349358,2024-08-29 22:55:26
1724943326303.0,-4.547737,5.380638,-0.24598,0.586622,-0.658461,0.318636,-0.347526,2024-08-29 22:55:26
1724943326334.0,-4.594688,5.37837,-0.243271,0.588374,-0.65971,0.317618,-0.343099,2024-08-29 22:55:26
1724943326368.0,-4.629979,5.376291,-0.238344,0.58734,-0.657769,0.322409,-0.344127,2024-08-29 22:55:26
1724943326399.0,-4.664913,5.374745,-0.233372,0.589608,-0.653003,0.324609,-0.347244,2024-08-29 22:55:26
1724943326442.0,-4.700975,5.3757,-0.228552,0.592434,-0.649132,0.323968,-0.350278,2024-08-29 22:55:26
1724943326471.0,-4.736566,5.376022,-0.226617,0.591303,-0.650529,0.322187,-0.351237,2024-08-29 22:55:26
1724943326499.0,-4.772934,5.376631,-0.226686,0.592159,-0.653276,0.316947,-0.349461,2024-08-29 22:55:26
1724943326535.0,-4.822195,5.379328,-0.224764,0.596686,-0.652336,0.311557,-0.348361,2024-08-29 22:55:26
1724943326573.0,-4.857488,5.380062,-0.226404,0.599527,-0.650555,0.309173,-0.348937,2024-08-29 22:55:26
1724943326605.0,-4.892008,5.38122,-0.228937,0.597874,-0.651464,0.309766,-0.349552,2024-08-29 22:55:26
1724943326635.0,-4.92989,5.383484,-0.231241,0.595542,-0.653255,0.311325,-0.348804,2024-08-29 22:55:26
1724943326665.0,-4.966089,5.384657,-0.235822,0.596609,-0.653594,0.310745,-0.346857,2024-08-29 22:55:26
1724943326702.0,-5.00279,5.38596,-0.24053,0.596421,-0.654919,0.311608,-0.343895,2024-08-29 22:55:26
1724943326740.0,-5.067341,5.389325,-0.243901,0.596433,-0.654352,0.315581,-0.341321,2024-08-29 22:55:26
1724943326769.0,-5.103981,5.390831,-0.246165,0.599203,-0.649391,0.321586,-0.340337,2024-08-29 22:55:26
1724943326804.0,-5.14035,5.392963,-0.246668,0.597295,-0.647876,0.329831,-0.338684,2024-08-29 22:55:26
1724943326838.0,-5.172408,5.395779,-0.24557,0.5916,-0.652501,0.336812,-0.33288,2024-08-29 22:55:26
1724943326871.0,-5.210493,5.396897,-0.243533,0.593602,-0.653614,0.339558,-0.324231,2024-08-29 22:55:26
1724943326914.0,-5.247222,5.397898,-0.240024,0.596398,-0.64973,0.346713,-0.319297,2024-08-29 22:55:26
1724943326942.0,-5.265965,5.397829,-0.231764,0.596602,-0.64828,0.35009,-0.318177,2024-08-29 22:55:26
1724943326971.0,-5.303047,5.400484,-0.228803,0.595843,-0.652729,0.345022,-0.316031,2024-08-29 22:55:26
1724943327001.0,-5.33907,5.403009,-0.226075,0.596027,-0.655951,0.337996,-0.316606,2024-08-29 22:55:27
1724943327035.0,-5.374511,5.403016,-0.220132,0.595241,-0.657851,0.33346,-0.318944,2024-08-29 22:55:27
1724943327064.0,-5.408684,5.404716,-0.218891,0.591429,-0.662829,0.330184,-0.319136,2024-08-29 22:55:27
1724943327103.0,-5.44255,5.40536,-0.21871,0.589015,-0.665139,0.329767,-0.319226,2024-08-29 22:55:27
1724943327139.0,-5.484379,5.404091,-0.220525,0.590868,-0.660523,0.332605,-0.322426,2024-08-29 22:55:27
1724943327167.0,-5.518678,5.402974,-0.222303,0.593917,-0.655208,0.334156,-0.326044,2024-08-29 22:55:27
1724943327201.0,-5.553921,5.40169,-0.225334,0.596311,-0.653027,0.332076,-0.328168,2024-08-29 22:55:27
1724943327231.0,-5.592994,5.401219,-0.22559,0.596742,-0.651821,0.331518,-0.33034,2024-08-29 22:55:27
1724943327264.0,-5.627868,5.399231,-0.228988,0.59596,-0.649438,0.332529,-0.335389,2024-08-29 22:55:27
1724943327306.0,-5.663278,5.396771,-0.232474,0.594505,-0.648662,0.332067,-0.339902,2024-08-29 22:55:27
1724943327337.0,-5.719568,5.395782,-0.2388,0.59587,-0.647284,0.329446,-0.342677,2024-08-29 22:55:27
1724943327365.0,-5.755535,5.392055,-0.24029,0.594436,-0.647021,0.330166,-0.344965,2024-08-29 22:55:27
1724943327399.0,-5.792243,5.388093,-0.240144,0.593665,-0.648407,0.327973,-0.34578,2024-08-29 22:55:27
1724943327433.0,-5.829765,5.382734,-0.238739,0.595456,-0.650901,0.322789,-0.342881,2024-08-29 22:55:27
1724943327474.0,-5.865307,5.378314,-0.235685,0.592226,-0.65357,0.325955,-0.340393,2024-08-29 22:55:27
1724943327500.0,-5.9003,5.373826,-0.23189,0.593458,-0.65078,0.328879,-0.34078,2024-08-29 22:55:27
1724943327532.0,-5.966012,5.371153,-0.235649,0.599436,-0.645688,0.327766,-0.341076,2024-08-29 22:55:27
1724943327563.0,-5.999864,5.368226,-0.231919,0.600773,-0.643027,0.328914,-0.342642,2024-08-29 22:55:27
1724943327601.0,-6.033358,5.366572,-0.228933,0.599396,-0.644213,0.326453,-0.34517,2024-08-29 22:55:27
1724943327637.0,-6.087938,5.367223,-0.229135,0.597395,-0.647207,0.323264,-0.346039,2024-08-29 22:55:27
1724943327669.0,-6.121192,5.365876,-0.228204,0.595569,-0.647567,0.323031,-0.348719,2024-08-29 22:55:27
1724943327698.0,-6.15459,5.364668,-0.228589,0.592945,-0.648099,0.323311,-0.35193,2024-08-29 22:55:27
1724943327735.0,-6.188498,5.364602,-0.224432,0.589876,-0.65093,0.323765,-0.351444,2024-08-29 22:55:27
1724943327768.0,-6.223799,5.362483,-0.227787,0.58981,-0.651035,0.325965,-0.34932,2024-08-29 22:55:27
1724943327802.0,-6.259548,5.360307,-0.231947,0.591734,-0.648051,0.329367,-0.348424,2024-08-29 22:55:27
1724943327836.0,-6.347308,5.360818,-0.242378,0.592231,-0.646619,0.333285,-0.346507,2024-08-29 22:55:27
1724943327867.0,-6.385217,5.359577,-0.247279,0.593313,-0.645412,0.336844,-0.343453,2024-08-29 22:55:27
1724943327904.0,-6.423602,5.35899,-0.251399,0.595459,-0.643571,0.339505,-0.340562,2024-08-29 22:55:27
1724943327934.0,-6.484298,5.361333,-0.252724,0.591535,-0.646128,0.344362,-0.337668,2024-08-29 22:55:27
1724943327972.0,-6.524173,5.36196,-0.254095,0.587166,-0.649248,0.349833,-0.333661,2024-08-29 22:55:27
1724943328000.0,-6.565375,5.361889,-0.25352,0.598054,-0.643964,0.3462,-0.328309,2024-08-29 22:55:28
1724943328036.0,-6.609914,5.365188,-0.254806,0.603912,-0.639789,0.346548,-0.325369,2024-08-29 22:55:28
1724943328072.0,-6.646862,5.366392,-0.250457,0.600183,-0.639506,0.351314,-0.327706,2024-08-29 22:55:28
1724943328105.0,-6.683595,5.366794,-0.246273,0.599782,-0.639016,0.351429,-0.329269,2024-08-29 22:55:28
1724943328133.0,-6.709795,5.367939,-0.247167,0.602346,-0.636992,0.348704,-0.331401,2024-08-29 22:55:28
1724943328164.0,-6.744864,5.36726,-0.244581,0.603095,-0.636425,0.346881,-0.333037,2024-08-29 22:55:28
1724943328201.0,-6.779296,5.366426,-0.243648,0.599754,-0.640177,0.346855,-0.331906,2024-08-29 22:55:28
1724943328238.0,-6.793774,5.366679,-0.240225,0.596742,-0.643232,0.348842,-0.329334,2024-08-29 22:55:28
1724943328267.0,-6.828116,5.364379,-0.242103,0.598566,-0.640443,0.350416,-0.329788,2024-08-29 22:55:28
1724943328301.0,-6.862945,5.361953,-0.245086,0.600272,-0.637787,0.350543,-0.331695,2024-08-29 22:55:28
1724943328336.0,-6.89531,5.359617,-0.24228,0.597829,-0.640459,0.349889,-0.331647,2024-08-29 22:55:28
1724943328373.0,-6.9314,5.356746,-0.247185,0.597079,-0.64087,0.348553,-0.333605,2024-08-29 22:55:28
1724943328407.0,-6.967351,5.353433,-0.251932,0.597915,-0.63686,0.348989,-0.339283,2024-08-29 22:55:28
1724943328435.0,-7.018006,5.351614,-0.249389,0.59729,-0.635196,0.348424,-0.344053,2024-08-29 22:55:28
1724943328463.0,-7.055549,5.347942,-0.25364,0.596092,-0.636723,0.345369,-0.346379,2024-08-29 22:55:28
1724943328501.0,-7.093145,5.343337,-0.256292,0.594664,-0.637522,0.344375,-0.348347,2024-08-29 22:55:28
1724943328533.0,-7.145165,5.339002,-0.259009,0.598318,-0.636142,0.337938,-0.350908,2024-08-29 22:55:28
1724943328564.0,-7.182901,5.334679,-0.258221,0.597028,-0.640635,0.332313,-0.350304,2024-08-29 22:55:28
1724943328603.0,-7.218943,5.330387,-0.255912,0.591309,-0.645251,0.334033,-0.349896,2024-08-29 22:55:28
1724943328636.0,-7.297142,5.325655,-0.240546,0.590782,-0.642838,0.336734,-0.352628,2024-08-29 22:55:28
1724943328667.0,-7.33314,5.321296,-0.237664,0.594649,-0.639629,0.335776,-0.352877,2024-08-29 22:55:28
1724943328699.0,-7.368829,5.317478,-0.23586,0.594183,-0.641786,0.335195,-0.350288,2024-08-29 22:55:28
1724943328731.0,-7.400948,5.314463,-0.230459,0.593722,-0.644792,0.333659,-0.346999,2024-08-29 22:55:28
1724943328765.0,-7.435731,5.310503,-0.230408,0.59515,-0.644112,0.334183,-0.34531,2024-08-29 22:55:28
1724943328809.0,-7.470001,5.306513,-0.231005,0.597191,-0.640776,0.336671,-0.345575,2024-08-29 22:55:28
1724943328834.0,-7.497797,5.303555,-0.219297,0.596745,-0.640089,0.339363,-0.344984,2024-08-29 22:55:28
1724943328862.0,-7.532694,5.300565,-0.221894,0.594216,-0.642453,0.340902,-0.343435,2024-08-29 22:55:28
1724943328907.0,-7.568061,5.297609,-0.225446,0.593739,-0.642752,0.342847,-0.34176,2024-08-29 22:55:28
1724943328936.0,-7.618651,5.297984,-0.216757,0.592725,-0.641983,0.347524,-0.340238,2024-08-29 22:55:28
1724943328966.0,-7.65568,5.296293,-0.221003,0.590142,-0.642772,0.351664,-0.338983,2024-08-29 22:55:28
1724943329001.0,-7.693638,5.294773,-0.224885,0.591687,-0.64037,0.354628,-0.337745,2024-08-29 22:55:29
1724943329030.0,-7.727932,5.295187,-0.222907,0.593979,-0.637452,0.35847,-0.335176,2024-08-29 22:55:29
1724943329065.0,-7.765388,5.294154,-0.224717,0.59037,-0.639343,0.366142,-0.329612,2024-08-29 22:55:29
1724943329101.0,-7.803135,5.292535,-0.225119,0.590784,-0.63884,0.372146,-0.323055,2024-08-29 22:55:29
1724943329136.0,-7.834814,5.292292,-0.218589,0.596608,-0.635891,0.372932,-0.317212,2024-08-29 22:55:29
1724943329170.0,-7.871338,5.290884,-0.216575,0.593461,-0.638452,0.378093,-0.311814,2024-08-29 22:55:29
1724943329200.0,-7.907523,5.289136,-0.214577,0.589711,-0.641807,0.381381,-0.308016,2024-08-29 22:55:29
1724943329233.0,-7.940426,5.285133,-0.201597,0.591052,-0.643251,0.38056,-0.303412,2024-08-29 22:55:29
1724943329268.0,-7.976795,5.280933,-0.200595,0.594022,-0.643886,0.379279,-0.29782,2024-08-29 22:55:29
1724943329305.0,-8.012086,5.276373,-0.19984,0.597406,-0.643845,0.377885,-0.292869,2024-08-29 22:55:29
1724943329332.0,-8.033262,5.2722,-0.191727,0.595842,-0.646417,0.379964,-0.287652,2024-08-29 22:55:29
1724943329365.0,-8.065662,5.267532,-0.19136,0.589051,-0.649771,0.38663,-0.285192,2024-08-29 22:55:29
1724943329399.0,-8.098519,5.26219,-0.192143,0.585007,-0.650093,0.392462,-0.284813,2024-08-29 22:55:29
1724943329435.0,-8.125154,5.257423,-0.188055,0.585205,-0.649421,0.394136,-0.283627,2024-08-29 22:55:29
1724943329468.0,-8.160294,5.251022,-0.191451,0.583543,-0.651479,0.393963,-0.28257,2024-08-29 22:55:29
1724943329500.0,-8.195463,5.244055,-0.19542,0.580447,-0.653843,0.395213,-0.281741,2024-08-29 22:55:29
1724943329536.0,-8.234862,5.236511,-0.189124,0.579333,-0.652887,0.397703,-0.282743,2024-08-29 22:55:29
1724943329571.0,-8.269999,5.228785,-0.192609,0.576702,-0.652709,0.399863,-0.285475,2024-08-29 22:55:29
1724943329603.0,-8.305676,5.220445,-0.195763,0.57396,-0.654309,0.400356,-0.286643,2024-08-29 22:55:29
1724943329630.0,-8.355542,5.209682,-0.176105,0.573398,-0.653886,0.401838,-0.28666,2024-08-29 22:55:29
1724943329666.0,-8.391747,5.199742,-0.176511,0.571332,-0.6565,0.401231,-0.285661,2024-08-29 22:55:29
1724943329701.0,-8.428249,5.189111,-0.175631,0.569121,-0.663221,0.397737,-0.279365,2024-08-29 22:55:29
1724943329736.0,-8.460095,5.175783,-0.153017,0.56573,-0.668722,0.398668,-0.271704,2024-08-29 22:55:29
1724943329768.0,-8.493333,5.164475,-0.149605,0.563656,-0.667838,0.404077,-0.270198,2024-08-29 22:55:29
1724943329803.0,-8.525705,5.153323,-0.146097,0.564648,-0.66369,0.408881,-0.271116,2024-08-29 22:55:29
1724943329845.0,-8.537704,5.142467,-0.129297,0.561973,-0.665181,0.412423,-0.267633,2024-08-29 22:55:29
1724943329870.0,-8.569496,5.131704,-0.127265,0.557873,-0.670399,0.413508,-0.261446,2024-08-29 22:55:29
1724943329899.0,-8.60047,5.120474,-0.125782,0.55438,-0.673133,0.41684,-0.256515,2024-08-29 22:55:29
1724943329935.0,-8.614047,5.109637,-0.11479,0.550932,-0.673158,0.424469,-0.251314,2024-08-29 22:55:29
1724943329967.0,-8.644061,5.09678,-0.114627,0.547617,-0.672337,0.433571,-0.245143,2024-08-29 22:55:29
1724943329998.0,-8.674083,5.084026,-0.11529,0.54384,-0.671372,0.442611,-0.239986,2024-08-29 22:55:29
1724943330036.0,-8.713791,5.072584,-0.121597,0.538852,-0.672937,0.450414,-0.23221,2024-08-29 22:55:30
1724943330065.0,-8.744597,5.060528,-0.123727,0.530883,-0.676024,0.458677,-0.225321,2024-08-29 22:55:30
1724943330098.0,-8.77535,5.048455,-0.126117,0.524095,-0.676609,0.467947,-0.220339,2024-08-29 22:55:30
1724943330133.0,-8.815738,5.03717,-0.12611,0.51853,-0.676446,0.477703,-0.212949,2024-08-29 22:55:30
1724943330166.0,-8.846717,5.024968,-0.128403,0.51177,-0.677462,0.48702,-0.204809,2024-08-29 22:55:30
1724943330201.0,-8.876926,5.012809,-0.130119,0.503312,-0.678113,0.498572,-0.195615,2024-08-29 22:55:30
1724943330247.0,-8.899401,4.998988,-0.14076,0.499023,-0.675425,0.510076,-0.18601,2024-08-29 22:55:30
1724943330265.0,-8.929733,4.985677,-0.140176,0.499652,-0.672695,0.51646,-0.176346,2024-08-29 22:55:30
1724943330300.0,-8.959229,4.97324,-0.138477,0.490679,-0.675933,0.524861,-0.163919,2024-08-29 22:55:30
1724943330333.0,-9.004127,4.96024,-0.128605,0.480161,-0.676506,0.536174,-0.155895,2024-08-29 22:55:30
1724943330364.0,-9.033562,4.946251,-0.126887,0.482231,-0.673039,0.539861,-0.151729,2024-08-29 22:55:30
1724943330399.0,-9.063243,4.931556,-0.125863,0.4842,-0.674441,0.53847,-0.143977,2024-08-29 22:55:30
1724943330431.0,-9.131878,4.91134,-0.094989,0.482114,-0.678576,0.537563,-0.134636,2024-08-29 22:55:30
1724943330467.0,-9.158644,4.895714,-0.094531,0.479593,-0.681975,0.537763,-0.125344,2024-08-29 22:55:30
1724943330500.0,-9.183721,4.879446,-0.094292,0.473287,-0.68458,0.541793,-0.117515,2024-08-29 22:55:30
1724943330535.0,-9.21069,4.861554,-0.091728,0.467587,-0.685831,0.546446,-0.111337,2024-08-29 22:55:30
1724943330565.0,-9.234771,4.842698,-0.092781,0.463851,-0.686693,0.549544,-0.10629,2024-08-29 22:55:30
1724943330599.0,-9.258317,4.822898,-0.094476,0.459297,-0.687586,0.553111,-0.101682,2024-08-29 22:55:30
1724943330634.0,-9.265526,4.805079,-0.101926,0.454488,-0.689129,0.555941,-0.097316,2024-08-29 22:55:30
1724943330664.0,-9.2888,4.783859,-0.104546,0.448858,-0.692092,0.55768,-0.092343,2024-08-29 22:55:30
1724943330699.0,-9.311634,4.761818,-0.107313,0.441667,-0.695184,0.56026,-0.08808,2024-08-29 22:55:30
1724943330733.0,-9.325018,4.740805,-0.12555,0.436165,-0.695707,0.564218,-0.086083,2024-08-29 22:55:30
1724943330769.0,-9.347664,4.716607,-0.128027,0.431869,-0.696491,0.566871,-0.083946,2024-08-29 22:55:30
1724943330802.0,-9.370765,4.691093,-0.12986,0.43009,-0.699098,0.565676,-0.079349,2024-08-29 22:55:30
1724943330831.0,-9.398614,4.668818,-0.135696,0.428719,-0.702477,0.563575,-0.071478,2024-08-29 22:55:30
1724943330863.0,-9.421011,4.642454,-0.134926,0.426839,-0.704461,0.56333,-0.064831,2024-08-29 22:55:30
1724943330905.0,-9.442413,4.616758,-0.132896,0.420891,-0.706716,0.565578,-0.059372,2024-08-29 22:55:30
1724943330933.0,-9.455566,4.595963,-0.132715,0.410278,-0.710327,0.5693,-0.054824,2024-08-29 22:55:30
1724943330971.0,-9.476012,4.570467,-0.130152,0.404793,-0.71159,0.572004,-0.050918,2024-08-29 22:55:30
1724943331002.0,-9.490893,4.547643,-0.130924,0.402342,-0.713018,0.572507,-0.044298,2024-08-29 22:55:31
1724943331036.0,-9.511288,4.522273,-0.129944,0.398123,-0.715364,0.573089,-0.036352,2024-08-29 22:55:31
1724943331071.0,-9.531219,4.496954,-0.129518,0.39736,-0.715625,0.573629,-0.030586,2024-08-29 22:55:31
1724943331103.0,-9.550346,4.472016,-0.129238,0.39545,-0.714627,0.576379,-0.026735,2024-08-29 22:55:31
1724943331133.0,-9.557221,4.451341,-0.141248,0.389851,-0.715667,0.579075,-0.022577,2024-08-29 22:55:31
1724943331166.0,-9.576767,4.426745,-0.142155,0.382695,-0.718568,0.580423,-0.017731,2024-08-29 22:55:31
1724943331198.0,-9.596055,4.401365,-0.14372,0.376646,-0.719039,0.583896,-0.013665,2024-08-29 22:55:31
1724943331235.0,-9.564872,4.387996,-0.160588,0.372065,-0.717524,0.588774,-0.008526,2024-08-29 22:55:31
1724943331267.0,-9.584008,4.361697,-0.163439,0.365126,-0.716591,0.594288,-0.001789,2024-08-29 22:55:31
1724943331299.0,-9.602742,4.335068,-0.166473,0.35786,-0.714406,0.601271,0.005783,2024-08-29 22:55:31
1724943331334.0,-9.575836,4.320652,-0.178643,0.350914,-0.709853,0.610577,0.012799,2024-08-29 22:55:31
1724943331367.0,-9.593514,4.294535,-0.180778,0.34124,-0.704748,0.621675,0.020127,2024-08-29 22:55:31
1724943331402.0,-9.611715,4.267493,-0.182664,0.329703,-0.701737,0.630665,0.033503,2024-08-29 22:55:31
1724943331433.0,-9.612647,4.244884,-0.182642,0.328577,-0.697693,0.634916,0.046298,2024-08-29 22:55:31
1724943331465.0,-9.631162,4.217345,-0.182575,0.326358,-0.694779,0.638424,0.056455,2024-08-29 22:55:31
1724943331501.0,-9.648776,4.190578,-0.181828,0.317567,-0.693871,0.642783,0.067265,2024-08-29 22:55:31
1724943331534.0,-9.663435,4.16329,-0.181946,0.313984,-0.692725,0.644499,0.078526,2024-08-29 22:55:31
1724943331571.0,-9.67906,4.134893,-0.181059,0.313882,-0.69024,0.645803,0.089359,2024-08-29 22:55:31
1724943331605.0,-9.693015,4.107106,-0.179749,0.310195,-0.687318,0.649247,0.099252,2024-08-29 22:55:31
1724943331634.0,-9.71186,4.07758,-0.17682,0.306395,-0.684269,0.652838,0.108171,2024-08-29 22:55:31
1724943331662.0,-9.723349,4.050234,-0.175254,0.299521,-0.682684,0.656179,0.116866,2024-08-29 22:55:31
1724943331700.0,-9.733767,4.022824,-0.17407,0.290158,-0.6819,0.660035,0.123185,2024-08-29 22:55:31
1724943331732.0,-9.746175,3.994704,-0.174179,0.284022,-0.681135,0.662538,0.12818,2024-08-29 22:55:31
1724943331765.0,-9.755958,3.965805,-0.175025,0.278895,-0.681536,0.663584,0.131846,2024-08-29 22:55:31
1724943331800.0,-9.765594,3.936473,-0.1768,0.271866,-0.6837,0.663299,0.136666,2024-08-29 22:55:31
1724943331833.0,-9.76783,3.909028,-0.172129,0.265285,-0.686382,0.662297,0.140945,2024-08-29 22:55:31
1724943331863.0,-9.776161,3.878238,-0.174627,0.262087,-0.687692,0.661715,0.143261,2024-08-29 22:55:31
1724943331902.0,-9.783746,3.84703,-0.176691,0.256382,-0.688994,0.662176,0.145184,2024-08-29 22:55:31
1724943331933.0,-9.783823,3.819255,-0.175475,0.24932,-0.690957,0.662434,0.146965,2024-08-29 22:55:31
1724943331970.0,-9.78985,3.786537,-0.176342,0.247157,-0.691168,0.66267,0.148556,2024-08-29 22:55:31
1724943331999.0,-9.795186,3.753081,-0.17598,0.243655,-0.690546,0.663849,0.151931,2024-08-29 22:55:31
1724943332031.0,-9.794516,3.722135,-0.175955,0.242813,-0.691068,0.662435,0.156993,2024-08-29 22:55:32
1724943332063.0,-9.800207,3.688305,-0.173848,0.242404,-0.693198,0.658985,0.162652,2024-08-29 22:55:32
1724943332097.0,-9.805429,3.655762,-0.170825,0.236109,-0.694239,0.659764,0.164307,2024-08-29 22:55:32
1724943332130.0,-9.804082,3.628032,-0.167428,0.230442,-0.695559,0.660788,0.162644,2024-08-29 22:55:32
1724943332164.0,-9.809765,3.594748,-0.165143,0.230694,-0.697338,0.658557,0.163714,2024-08-29 22:55:32
1724943332202.0,-9.815593,3.560796,-0.163819,0.232005,-0.699503,0.654032,0.170623,2024-08-29 22:55:32
1724943332233.0,-9.813661,3.532497,-0.163848,0.233574,-0.701095,0.650102,0.17685,2024-08-29 22:55:32
1724943332271.0,-9.818546,3.500103,-0.16275,0.233974,-0.700681,0.649944,0.178535,2024-08-29 22:55:32
1724943332301.0,-9.823046,3.468375,-0.161662,0.229549,-0.699245,0.653012,0.178714,2024-08-29 22:55:32
1724943332332.0,-9.828929,3.43593,-0.162102,0.222794,-0.699361,0.655211,0.178761,2024-08-29 22:55:32
1724943332366.0,-9.834364,3.403087,-0.16285,0.218386,-0.699749,0.656488,0.177993,2024-08-29 22:55:32
1724943332404.0,-9.840137,3.369081,-0.164609,0.215271,-0.699925,0.657414,0.177679,2024-08-29 22:55:32
1724943332431.0,-9.852228,3.330721,-0.166095,0.21261,-0.700529,0.657041,0.179867,2024-08-29 22:55:32
1724943332464.0,-9.858612,3.295133,-0.168846,0.20976,-0.70101,0.65693,0.181739,2024-08-29 22:55:32
1724943332500.0,-9.864504,3.259314,-0.171229,0.207308,-0.698988,0.659716,0.182245,2024-08-29 22:55:32
1724943332532.0,-9.889246,3.211556,-0.168786,0.204851,-0.694378,0.664826,0.18407,2024-08-29 22:55:32
1724943332568.0,-9.895022,3.174889,-0.169106,0.201043,-0.690007,0.669254,0.188603,2024-08-29 22:55:32
1724943332599.0,-9.900648,3.137844,-0.168021,0.200688,-0.684662,0.672656,0.196203,2024-08-29 22:55:32
1724943332634.0,-9.917679,3.090589,-0.164836,-0.199208,0.678008,-0.678461,-0.200776,2024-08-29 22:55:32
1724943332666.0,-9.923647,3.055964,-0.159778,-0.192875,0.674163,-0.685135,-0.197214,2024-08-29 22:55:32
1724943332700.0,-9.930623,3.020669,-0.155084,-0.187421,0.67441,-0.6862,-0.197921,2024-08-29 22:55:32
1724943332737.0,-9.937627,2.985009,-0.150513,-0.187873,0.677706,-0.680713,-0.205057,2024-08-29 22:55:32
1724943332765.0,-9.94408,2.948582,-0.148092,-0.191612,0.680049,-0.675584,-0.210726,2024-08-29 22:55:32
1724943332802.0,-9.949579,2.913231,-0.146283,-0.197152,0.68078,-0.672398,-0.213425,2024-08-29 22:55:32
1724943332837.0,-9.963998,2.870246,-0.142979,-0.196548,0.681267,-0.67102,-0.216739,2024-08-29 22:55:32
1724943332870.0,-9.968039,2.837272,-0.142053,-0.192507,0.681797,-0.671587,-0.216946,2024-08-29 22:55:32
1724943332898.0,-9.971491,2.803846,-0.142195,-0.190885,0.681821,-0.672676,-0.214921,2024-08-29 22:55:32
1724943332929.0,-9.94555,2.793729,-0.147557,-0.191083,0.682709,-0.672129,-0.213632,2024-08-29 22:55:32
1724943332966.0,-9.948441,2.759193,-0.150437,-0.19123,0.683798,-0.671307,-0.212599,2024-08-29 22:55:32
1724943333000.0,-9.950756,2.724223,-0.153966,-0.191149,0.68496,-0.671036,-0.209769,2024-08-29 22:55:33
1724943333039.0,-9.933784,2.704091,-0.156785,-0.190506,0.685743,-0.671456,-0.206427,2024-08-29 22:55:33
1724943333066.0,-9.934775,2.668541,-0.160539,-0.189009,0.686692,-0.672044,-0.202701,2024-08-29 22:55:33
1724943333097.0,-9.934976,2.632725,-0.163649,-0.187057,0.688134,-0.672197,-0.19908,2024-08-29 22:55:33
1724943333133.0,-9.946318,2.572912,-0.165686,-0.18781,0.687813,-0.672982,-0.196815,2024-08-29 22:55:33
1724943333171.0,-9.944618,2.535107,-0.165971,0.190539,-0.687589,0.672649,0.196112,2024-08-29 22:55:33
1724943333200.0,-9.942734,2.496931,-0.164685,0.195425,-0.687562,0.67034,0.199277,2024-08-29 22:55:33
1724943333236.0,-9.941054,2.461093,-0.161264,0.194559,-0.688484,0.668034,0.204614,2024-08-29 22:55:33
1724943333264.0,-9.939388,2.424852,-0.157874,0.193411,-0.688499,0.668078,0.205506,2024-08-29 22:55:33
1724943333299.0,-9.93798,2.38862,-0.154218,0.196548,-0.686694,0.669793,0.202973,2024-08-29 22:55:33
1724943333338.0,-9.941099,2.348362,-0.147696,0.198344,-0.686334,0.669796,0.202434,2024-08-29 22:55:33
1724943333363.0,-9.940892,2.311857,-0.145456,0.198976,-0.687161,0.667548,0.206393,2024-08-29 22:55:33
1724943333398.0,-9.940434,2.27492,-0.144231,0.202275,-0.686994,0.665516,0.210266,2024-08-29 22:55:33
1724943333431.0,-9.948148,2.228923,-0.140421,0.203827,-0.68659,0.665104,0.211387,2024-08-29 22:55:33
1724943333465.0,-9.94726,2.192639,-0.140492,0.201016,-0.68661,0.666531,0.209514,2024-08-29 22:55:33
1724943333502.0,-9.946218,2.155645,-0.141934,0.197321,-0.686798,0.667607,0.208983,2024-08-29 22:55:33
1724943333535.0,-9.945746,2.115934,-0.144251,-0.196287,0.686924,-0.66762,-0.2095,2024-08-29 22:55:33
1724943333567.0,-9.945042,2.07672,-0.148142,-0.194013,0.686919,-0.668098,-0.210109,2024-08-29 22:55:33
1724943333599.0,-9.944777,2.036822,-0.152422,-0.190282,0.686974,-0.669143,-0.210019,2024-08-29 22:55:33
1724943333633.0,-9.946315,1.994771,-0.154423,-0.187546,0.687409,-0.669251,-0.210711,2024-08-29 22:55:33
1724943333667.0,-9.947052,1.953046,-0.158545,-0.186943,0.686616,-0.669741,-0.212269,2024-08-29 22:55:33
1724943333702.0,-9.948023,1.911889,-0.161498,-0.182098,0.685106,-0.671797,-0.214848,2024-08-29 22:55:33
1724943333733.0,-9.951962,1.865458,-0.160992,-0.171851,0.683285,-0.675317,-0.218025,2024-08-29 22:55:33
1724943333765.0,-9.952682,1.822931,-0.161279,-0.177291,0.677701,-0.67971,-0.217449,2024-08-29 22:55:33
1724943333804.0,-9.953645,1.78013,-0.160321,-0.185456,0.67259,-0.680693,-0.22335,2024-08-29 22:55:33
1724943333833.0,-9.957511,1.735627,-0.156689,-0.183555,0.673235,-0.679051,-0.227929,2024-08-29 22:55:33
1724943333862.0,-9.958415,1.695109,-0.153917,-0.186844,0.67325,-0.677816,-0.228887,2024-08-29 22:55:33
1724943333896.0,-9.958293,1.654519,-0.151189,-0.192613,0.672736,-0.675878,-0.231334,2024-08-29 22:55:33
1724943333930.0,-9.949492,1.628187,-0.147277,-0.195162,0.672658,-0.674759,-0.232687,2024-08-29 22:55:33
1724943333966.0,-9.947769,1.590426,-0.144409,-0.195252,0.670891,-0.676204,-0.233517,2024-08-29 22:55:33
1724943334015.0,-9.945511,1.553544,-0.141844,-0.18989,0.670307,-0.677979,-0.234467,2024-08-29 22:55:34
1724943334039.0,-9.939692,1.523332,-0.139319,-0.184575,0.67032,-0.679875,-0.233181,2024-08-29 22:55:34
1724943334072.0,-9.936703,1.485737,-0.138977,-0.182804,0.670244,-0.681305,-0.230607,2024-08-29 22:55:34
1724943334104.0,-9.933659,1.447436,-0.139874,-0.181026,0.672015,-0.680255,-0.229952,2024-08-29 22:55:34
1724943334131.0,-9.927237,1.415734,-0.140843,-0.178019,0.67526,-0.678137,-0.22905,2024-08-29 22:55:34
1724943334166.0,-9.923738,1.376896,-0.143146,-0.175815,0.677564,-0.677343,-0.22628,2024-08-29 22:55:34
1724943334200.0,-9.919977,1.337676,-0.145187,-0.174284,0.680163,-0.676833,-0.221135,2024-08-29 22:55:34
1724943334235.0,-9.916456,1.291753,-0.143883,-0.172299,0.684011,-0.674469,-0.218023,2024-08-29 22:55:34
1724943334266.0,-9.911977,1.250969,-0.144621,-0.172677,0.686505,-0.672571,-0.215738,2024-08-29 22:55:34
1724943334303.0,-9.906873,1.209461,-0.143675,-0.173679,0.688343,-0.670805,-0.21457,2024-08-29 22:55:34
1724943334337.0,-9.900685,1.160449,-0.13843,-0.178063,0.689856,-0.66735,-0.216878,2024-08-29 22:55:34
1724943334369.0,-9.895758,1.119724,-0.134282,-0.175641,0.692416,-0.664872,-0.2183,2024-08-29 22:55:34
1724943334398.0,-9.891007,1.080203,-0.129475,-0.173235,0.693647,-0.665642,-0.213925,2024-08-29 22:55:34
1724943334435.0,-9.888309,1.037471,-0.124852,-0.178579,0.693332,-0.665519,-0.210916,2024-08-29 22:55:34
1724943334467.0,-9.885156,0.997608,-0.121578,-0.183675,0.694233,-0.661932,-0.214825,2024-08-29 22:55:34
1724943334505.0,-9.882813,0.959004,-0.119046,-0.185351,0.696217,-0.658127,-0.218622,2024-08-29 22:55:34
1724943334538.0,-9.880968,0.920761,-0.116959,-0.18631,0.696741,-0.65719,-0.218957,2024-08-29 22:55:34
1724943334574.0,-9.878534,0.882978,-0.116277,0.18685,-0.695981,0.658683,0.216411,2024-08-29 22:55:34
1724943334599.0,-9.8763,0.845084,-0.116789,0.185869,-0.695644,0.660291,0.21342,2024-08-29 22:55:34
1724943334629.0,-9.878742,0.79099,-0.119283,-0.185352,0.694834,-0.661667,-0.212242,2024-08-29 22:55:34
1724943334667.0,-9.876847,0.751591,-0.121674,-0.184489,0.693754,-0.663133,-0.211953,2024-08-29 22:55:34
1724943334696.0,-9.875265,0.711807,-0.124665,-0.180642,0.693301,-0.664371,-0.212868,2024-08-29 22:55:34
1724943334731.0,-9.875677,0.667717,-0.129644,-0.178074,0.691216,-0.667091,-0.213307,2024-08-29 22:55:34
1724943334767.0,-9.874052,0.626999,-0.132488,-0.174146,0.688856,-0.670333,-0.214019,2024-08-29 22:55:34
1724943334806.0,-9.872715,0.586095,-0.134717,-0.169021,0.686781,-0.673532,-0.214751,2024-08-29 22:55:34
1724943334830.0,-9.871193,0.564258,-0.135645,-0.163435,0.684194,-0.677021,-0.216357,2024-08-29 22:55:34
1724943334862.0,-9.869838,0.52293,-0.135824,-0.154779,0.682539,-0.678528,-0.223123,2024-08-29 22:55:34
1724943334903.0,-9.867594,0.480586,-0.134557,-0.156278,0.677245,-0.682319,-0.226621,2024-08-29 22:55:34
1724943334934.0,-9.867131,0.44043,-0.131949,-0.159645,0.669864,-0.689267,-0.225182,2024-08-29 22:55:34
1724943334966.0,-9.866609,0.399675,-0.128672,-0.157924,0.668772,-0.690364,-0.226278,2024-08-29 22:55:34
1724943334996.0,-9.866293,0.358508,-0.126157,-0.158661,0.670532,-0.6858,-0.234289,2024-08-29 22:55:34
1724943335030.0,-9.865237,0.316705,-0.12415,-0.163992,0.67061,-0.682903,-0.238812,2024-08-29 22:55:35
1724943335064.0,-9.862674,0.27769,-0.122163,-0.168996,0.669063,-0.683326,-0.238454,2024-08-29 22:55:35
1724943335097.0,-9.85954,0.239969,-0.120741,-0.16871,0.667145,-0.684505,-0.240638,2024-08-29 22:55:35
1724943335151.0,-9.856322,0.192289,-0.11866,-0.163819,0.666323,-0.685703,-0.242875,2024-08-29 22:55:35
1724943335177.0,-9.85244,0.154675,-0.119491,-0.160822,0.664812,-0.688105,-0.242225,2024-08-29 22:55:35
1724943335201.0,-9.848403,0.115868,-0.121698,-0.163056,0.663137,-0.690035,-0.23982,2024-08-29 22:55:35
1724943335236.0,-9.847118,0.065021,-0.123029,-0.1659,0.664218,-0.688902,-0.238127,2024-08-29 22:55:35
1724943335266.0,-9.843898,0.025418,-0.126034,-0.164656,0.667891,-0.685972,-0.237175,2024-08-29 22:55:35
1724943335303.0,-9.840588,-0.01406,-0.128515,-0.162979,0.671836,-0.684536,-0.231269,2024-08-29 22:55:35
1724943335336.0,-9.837664,-0.058255,-0.128752,-0.163544,0.675113,-0.684007,-0.222735,2024-08-29 22:55:35
1724943335363.0,-9.834015,-0.098831,-0.129648,-0.164005,0.678784,-0.681708,-0.21824,2024-08-29 22:55:35
1724943335410.0,-9.830257,-0.139162,-0.129189,-0.164333,0.682214,-0.680066,-0.212343,2024-08-29 22:55:35
1724943335429.0,-9.826068,-0.17847,-0.127136,-0.16733,0.685405,-0.677538,-0.207757,2024-08-29 22:55:35
1724943335463.0,-9.822156,-0.219903,-0.124022,-0.173512,0.68852,-0.672654,-0.208257,2024-08-29 22:55:35
1724943335506.0,-9.818361,-0.260055,-0.119913,-0.175081,0.691541,-0.669215,-0.208012,2024-08-29 22:55:35
1724943335533.0,-9.823036,-0.316995,-0.117042,-0.176338,0.692583,-0.669559,-0.202296,2024-08-29 22:55:35
1724943335563.0,-9.819512,-0.356528,-0.113634,0.182717,-0.692622,0.669183,0.197696,2024-08-29 22:55:35
1724943335598.0,-9.816693,-0.396083,-0.111734,0.188408,-0.69443,0.664848,0.200617,2024-08-29 22:55:35
1724943335632.0,-9.815298,-0.438354,-0.116053,0.193995,-0.695498,0.660957,0.204414,2024-08-29 22:55:35
1724943335663.0,-9.811872,-0.476676,-0.116124,0.200809,-0.694269,0.660176,0.204535,2024-08-29 22:55:35
1724943335701.0,-9.808147,-0.514353,-0.116805,0.203267,-0.693136,0.66076,0.204062,2024-08-29 22:55:35
1724943335732.0,-9.80597,-0.554601,-0.119035,0.201438,-0.692681,0.661717,0.20432,2024-08-29 22:55:35
1724943335766.0,-9.801957,-0.592957,-0.121477,0.201174,-0.691395,0.663351,0.203636,2024-08-29 22:55:35
1724943335799.0,-9.798122,-0.632079,-0.124513,0.200861,-0.689886,0.665018,0.203626,2024-08-29 22:55:35
1724943335837.0,-9.795084,-0.679335,-0.132382,0.196859,-0.689749,0.666095,0.204475,2024-08-29 22:55:35
1724943335871.0,-9.792039,-0.71943,-0.135986,0.191695,-0.689625,0.667807,0.204217,2024-08-29 22:55:35
1724943335901.0,-9.789001,-0.76027,-0.139575,-0.189181,0.687036,-0.671912,-0.20181,2024-08-29 22:55:35
1724943335933.0,-9.783588,-0.793335,-0.145157,-0.185972,0.68446,-0.675733,-0.200783,2024-08-29 22:55:35
1724943335963.0,-9.78151,-0.834723,-0.147264,-0.180085,0.68366,-0.677368,-0.203349,2024-08-29 22:55:35
1724943336001.0,-9.779364,-0.877482,-0.148224,-0.178071,0.682646,-0.677004,-0.209644,2024-08-29 22:55:36
1724943336029.0,-9.77597,-0.90141,-0.149468,-0.184794,0.678625,-0.675823,-0.220416,2024-08-29 22:55:36
1724943336062.0,-9.773056,-0.942347,-0.147618,-0.180123,0.675334,-0.677909,-0.227858,2024-08-29 22:55:36
1724943336100.0,-9.770264,-0.981617,-0.144854,-0.172688,0.672618,-0.682909,-0.226713,2024-08-29 22:55:36
1724943336137.0,-9.766196,-1.01981,-0.143042,-0.176589,0.669404,-0.684627,-0.228038,2024-08-29 22:55:36
1724943336170.0,-9.763769,-1.060896,-0.14155,-0.183951,0.66801,-0.682007,-0.234076,2024-08-29 22:55:36
1724943336202.0,-9.761314,-1.100398,-0.139835,-0.189833,0.667017,-0.680539,-0.236471,2024-08-29 22:55:36
1724943336235.0,-9.755278,-1.123803,-0.139124,-0.189301,0.66615,-0.681092,-0.237745,2024-08-29 22:55:36
1724943336264.0,-9.752832,-1.16074,-0.137728,-0.184263,0.666728,-0.681561,-0.238738,2024-08-29 22:55:36
1724943336300.0,-9.750093,-1.198074,-0.137357,-0.181433,0.666685,-0.68299,-0.236934,2024-08-29 22:55:36
1724943336330.0,-9.743495,-1.246031,-0.137691,-0.179823,0.666428,-0.684981,-0.233106,2024-08-29 22:55:36
1724943336371.0,-9.740516,-1.284985,-0.139872,-0.179142,0.667955,-0.684626,-0.230285,2024-08-29 22:55:36
1724943336399.0,-9.7372,-1.32491,-0.142809,-0.178951,0.670353,-0.682728,-0.229098,2024-08-29 22:55:36
1724943336431.0,-9.731871,-1.361509,-0.147196,-0.179113,0.672169,-0.682244,-0.225056,2024-08-29 22:55:36
1724943336468.0,-9.727911,-1.401177,-0.149311,-0.176789,0.675374,-0.681515,-0.219437,2024-08-29 22:55:36
1724943336498.0,-9.723664,-1.441083,-0.150652,-0.176245,0.678924,-0.679849,-0.214024,2024-08-29 22:55:36
1724943336532.0,-9.716624,-1.471601,-0.152369,-0.178179,0.68246,-0.677361,-0.209004,2024-08-29 22:55:36
1724943336563.0,-9.712219,-1.512253,-0.151377,-0.184429,0.687182,-0.671131,-0.208206,2024-08-29 22:55:36
1724943336599.0,-9.707726,-1.552864,-0.149404,-0.190626,0.691158,-0.663736,-0.213113,2024-08-29 22:55:36
1724943336628.0,-9.705506,-1.58606,-0.147775,0.191786,-0.693422,0.660853,0.213677,2024-08-29 22:55:36
1724943336664.0,-9.701101,-1.624206,-0.144573,0.192725,-0.694536,0.660187,0.211259,2024-08-29 22:55:36
1724943336702.0,-9.697285,-1.664301,-0.144537,0.196237,-0.695396,0.657905,0.212312,2024-08-29 22:55:36
1724943336734.0,-9.693237,-1.702897,-0.142996,0.201641,-0.695386,0.655678,0.214164,2024-08-29 22:55:36
1724943336770.0,-9.689358,-1.74069,-0.142068,0.207827,-0.694203,0.655297,0.213249,2024-08-29 22:55:36
1724943336800.0,-9.685874,-1.777443,-0.141693,0.209179,-0.694072,0.655476,0.2118,2024-08-29 22:55:36
1724943336835.0,-9.682821,-1.810953,-0.142924,0.20739,-0.694745,0.655972,0.209809,2024-08-29 22:55:36
1724943336866.0,-9.679546,-1.847679,-0.144305,0.205823,-0.695104,0.656618,0.208132,2024-08-29 22:55:36
1724943336900.0,-9.676379,-1.885291,-0.146986,0.204685,-0.695246,0.656836,0.208094,2024-08-29 22:55:36
1724943336930.0,-9.673233,-1.915684,-0.152,0.202121,-0.69548,0.656954,0.209442,2024-08-29 22:55:36
1724943336966.0,-9.670485,-1.954777,-0.156753,0.198608,-0.694883,0.658384,0.210292,2024-08-29 22:55:36
1724943337002.0,-9.667837,-1.994684,-0.161618,0.19662,-0.692591,0.661752,0.209146,2024-08-29 22:55:37
1724943337036.0,-9.664325,-2.04065,-0.162198,0.194599,-0.690578,0.664476,0.209056,2024-08-29 22:55:37
1724943337065.0,-9.663158,-2.081363,-0.165513,-0.192,0.689537,-0.66553,-0.211528,2024-08-29 22:55:37
1724943337102.0,-9.662621,-2.121918,-0.167166,-0.185253,0.688996,-0.666522,-0.216134,2024-08-29 22:55:37
1724943337130.0,-9.661633,-2.124863,-0.1701,-0.187926,0.685302,-0.669501,-0.216366,2024-08-29 22:55:37
1724943337169.0,-9.661677,-2.164887,-0.167672,-0.19372,0.680383,-0.672809,-0.216519,2024-08-29 22:55:37
1724943337203.0,-9.662198,-2.202417,-0.163669,-0.18928,0.678877,-0.67545,-0.216949,2024-08-29 22:55:37
1724943337231.0,-9.661165,-2.218304,-0.161252,-0.187547,0.676598,-0.679251,-0.213681,2024-08-29 22:55:37
1724943337265.0,-9.661103,-2.254793,-0.157833,-0.19233,0.673322,-0.682309,-0.210003,2024-08-29 22:55:37
1724943337303.0,-9.661166,-2.291102,-0.155324,-0.197613,0.672272,-0.681559,-0.210895,2024-08-29 22:55:37
1724943337336.0,-9.660659,-2.308501,-0.151675,-0.201874,0.672524,-0.679369,-0.213111,2024-08-29 22:55:37
1724943337370.0,-9.660426,-2.342348,-0.150306,-0.202181,0.672515,-0.678925,-0.21426,2024-08-29 22:55:37
1724943337401.0,-9.659691,-2.375942,-0.149838,-0.199769,0.67226,-0.679712,-0.214826,2024-08-29 22:55:37
1724943337432.0,-9.658018,-2.407588,-0.15057,-0.198913,0.672031,-0.680481,-0.213901,2024-08-29 22:55:37
1724943337466.0,-9.656603,-2.442677,-0.152702,-0.200214,0.671784,-0.681042,-0.211666,2024-08-29 22:55:37
1724943337502.0,-9.655033,-2.47831,-0.155852,-0.201017,0.672352,-0.680832,-0.209765,2024-08-29 22:55:37
1724943337542.0,-9.654894,-2.497435,-0.159239,-0.199394,0.674386,-0.680112,-0.207107,2024-08-29 22:55:37
1724943337569.0,-9.653277,-2.533437,-0.163221,-0.198352,0.677069,-0.679169,-0.202393,2024-08-29 22:55:37
1724943337600.0,-9.651442,-2.57034,-0.16729,-0.197663,0.680429,-0.676774,-0.199806,2024-08-29 22:55:37
1724943337645.0,-9.652521,-2.590393,-0.168863,0.20016,-0.683409,0.673225,0.19914,2024-08-29 22:55:37
1724943337679.0,-9.649874,-2.627898,-0.170875,0.202073,-0.685892,0.670774,0.196927,2024-08-29 22:55:37
1724943337702.0,-9.646854,-2.66546,-0.170883,0.203656,-0.687762,0.668731,0.195721,2024-08-29 22:55:37
1724943337746.0,-9.644519,-2.700887,-0.168931,0.207568,-0.689154,0.665537,0.197595,2024-08-29 22:55:37
1724943337768.0,-9.642022,-2.736734,-0.166262,0.205903,-0.691579,0.662611,0.200675,2024-08-29 22:55:37
1724943337797.0,-9.639612,-2.77142,-0.163222,0.204039,-0.691999,0.662949,0.200011,2024-08-29 22:55:37
1724943337832.0,-9.637489,-2.803339,-0.160266,0.207213,-0.691262,0.663718,0.196718,2024-08-29 22:55:37
1724943337861.0,-9.636323,-2.837631,-0.158448,0.210819,-0.691342,0.661843,0.198911,2024-08-29 22:55:37
1724943337899.0,-9.635639,-2.871028,-0.157415,0.214011,-0.692393,0.658675,0.202331,2024-08-29 22:55:37
1724943337932.0,-9.636497,-2.91044,-0.156308,0.218275,-0.691957,0.657258,0.203872,2024-08-29 22:55:37
1724943337967.0,-9.635906,-2.942032,-0.156324,0.219974,-0.691227,0.657514,0.203695,2024-08-29 22:55:37
1724943337999.0,-9.635732,-2.973257,-0.157097,0.219195,-0.691293,0.657942,0.202929,2024-08-29 22:55:37
1724943338030.0,-9.637698,-3.005851,-0.158705,0.218123,-0.692114,0.657389,0.203077,2024-08-29 22:55:38
1724943338061.0,-9.638226,-3.038439,-0.16187,0.218154,-0.692153,0.656991,0.204197,2024-08-29 22:55:38
1724943338097.0,-9.639069,-3.071666,-0.165909,0.21814,-0.691549,0.657442,0.204808,2024-08-29 22:55:38
1724943338131.0,-9.64426,-3.122897,-0.170078,0.216578,-0.690925,0.658495,0.205187,2024-08-29 22:55:38
1724943338163.0,-9.646135,-3.157167,-0.1742,0.213729,-0.690091,0.660072,0.205909,2024-08-29 22:55:38
1724943338197.0,-9.648448,-3.191684,-0.177638,0.210197,-0.689333,0.661984,0.205948,2024-08-29 22:55:38
1724943338233.0,-9.651948,-3.232853,-0.177326,0.206968,-0.687544,0.664961,0.205607,2024-08-29 22:55:38
1724943338267.0,-9.655044,-3.266816,-0.178374,0.197353,-0.687288,0.667673,0.207122,2024-08-29 22:55:38
1724943338296.0,-9.658357,-3.301763,-0.17825,-0.192175,0.686462,-0.669557,-0.208645,2024-08-29 22:55:38
1724943338330.0,-9.659668,-3.354198,-0.174729,-0.199378,0.683139,-0.670159,-0.210848,2024-08-29 22:55:38
1724943338366.0,-9.663548,-3.389276,-0.172517,-0.203479,0.680898,-0.670179,-0.214089,2024-08-29 22:55:38
1724943338409.0,-9.667781,-3.421933,-0.169927,-0.198289,0.682128,-0.669876,-0.215983,2024-08-29 22:55:38
1724943338432.0,-9.671154,-3.454314,-0.168058,-0.197278,0.68146,-0.670905,-0.215826,2024-08-29 22:55:38
1724943338467.0,-9.673413,-3.486428,-0.167075,-0.198598,0.679963,-0.672018,-0.215872,2024-08-29 22:55:38
1724943338499.0,-9.674773,-3.517961,-0.16692,-0.201823,0.678187,-0.672772,-0.216118,2024-08-29 22:55:38
1724943338532.0,-9.679235,-3.512064,-0.168325,-0.206315,0.675291,-0.673644,-0.21822,2024-08-29 22:55:38
1724943338563.0,-9.679477,-3.540565,-0.168735,-0.207417,0.673162,-0.674305,-0.221686,2024-08-29 22:55:38
1724943338609.0,-9.679487,-3.567803,-0.169166,-0.20487,0.672646,-0.674339,-0.225482,2024-08-29 22:55:38
1724943338630.0,-9.677695,-3.601162,-0.169558,-0.203233,0.671865,-0.674959,-0.227428,2024-08-29 22:55:38
1724943338671.0,-9.676966,-3.62765,-0.170746,-0.20082,0.671562,-0.675853,-0.227812,2024-08-29 22:55:38
1724943338700.0,-9.676083,-3.654476,-0.172623,-0.197766,0.67284,-0.675133,-0.228844,2024-08-29 22:55:38
1724943338737.0,-9.669966,-3.652157,-0.174406,-0.196622,0.67438,-0.673814,-0.229185,2024-08-29 22:55:38
1724943338764.0,-9.667993,-3.679803,-0.177232,-0.197563,0.675731,-0.672292,-0.228867,2024-08-29 22:55:38
1724943338803.0,-9.665482,-3.707261,-0.179622,-0.196696,0.677702,-0.670549,-0.228899,2024-08-29 22:55:38
1724943338836.0,-9.656196,-3.714152,-0.180156,-0.193503,0.679893,-0.669673,-0.227685,2024-08-29 22:55:38
1724943338862.0,-9.652138,-3.740964,-0.181419,-0.19109,0.681091,-0.669506,-0.226631,2024-08-29 22:55:38
1724943338901.0,-9.647358,-3.767394,-0.181828,-0.186544,0.681589,-0.670818,-0.225034,2024-08-29 22:55:38
1724943338933.0,-9.646964,-3.88774,-0.179497,-0.184119,0.681977,-0.672023,-0.222243,2024-08-29 22:55:38
1724943338968.0,-9.642095,-3.915859,-0.178119,-0.186162,0.682789,-0.6702,-0.223549,2024-08-29 22:55:38
1724943339006.0,-9.637486,-3.942918,-0.176043,-0.185121,0.685264,-0.666036,-0.229216,2024-08-29 22:55:39
1724943339037.0,-9.631977,-3.98939,-0.171587,-0.179426,0.686776,-0.66561,-0.230451,2024-08-29 22:55:39
1724943339067.0,-9.627419,-4.013379,-0.169114,-0.176104,0.686076,-0.669832,-0.222738,2024-08-29 22:55:39
1724943339101.0,-9.623508,-4.037843,-0.167594,-0.178244,0.685567,-0.671523,-0.21745,2024-08-29 22:55:39
1724943339132.0,-9.620283,-4.062763,-0.167243,-0.181845,0.686866,-0.667453,-0.222833,2024-08-29 22:55:39
1724943339167.0,-9.617188,-4.086356,-0.167124,-0.187021,0.686578,-0.664795,-0.227333,2024-08-29 22:55:39
1724943339203.0,-9.614075,-4.108096,-0.166717,-0.19021,0.684757,-0.665594,-0.227844,2024-08-29 22:55:39
1724943339229.0,-9.611247,-4.128901,-0.166424,-0.188708,0.683956,-0.665823,-0.230808,2024-08-29 22:55:39
1724943339265.0,-9.608481,-4.149563,-0.166481,-0.186671,0.683441,-0.665617,-0.234555,2024-08-29 22:55:39
1724943339307.0,-9.605529,-4.170239,-0.166882,-0.184956,0.681876,-0.667014,-0.236492,2024-08-29 22:55:39
1724943339329.0,-9.602859,-4.191154,-0.167746,-0.182154,0.68103,-0.667879,-0.238654,2024-08-29 22:55:39
1724943339363.0,-9.600682,-4.212701,-0.169104,-0.179403,0.680931,-0.667398,-0.242339,2024-08-29 22:55:39
1724943339404.0,-9.598942,-4.234747,-0.170787,-0.177733,0.680917,-0.666174,-0.246933,2024-08-29 22:55:39
1724943339428.0,-9.597922,-4.271444,-0.172141,-0.173856,0.680761,-0.665374,-0.252223,2024-08-29 22:55:39
1724943339469.0,-9.59642,-4.293242,-0.173574,-0.168009,0.679642,-0.667074,-0.254699,2024-08-29 22:55:39
1724943339496.0,-9.595016,-4.314805,-0.174537,-0.16111,0.677455,-0.670603,-0.255715,2024-08-29 22:55:39
1724943339528.0,-9.590198,-4.28649,-0.169983,-0.154112,0.675492,-0.674341,-0.255391,2024-08-29 22:55:39
1724943339563.0,-9.589925,-4.307306,-0.170003,-0.146916,0.674019,-0.677598,-0.254903,2024-08-29 22:55:39
1724943339601.0,-9.590088,-4.328308,-0.169715,-0.143535,0.671257,-0.681323,-0.254188,2024-08-29 22:55:39
1724943339632.0,-9.585196,-4.328463,-0.164666,-0.140818,0.668726,-0.684396,-0.254122,2024-08-29 22:55:39
1724943339663.0,-9.586655,-4.348491,-0.163649,-0.136412,0.667539,-0.685805,-0.255841,2024-08-29 22:55:39
1724943339700.0,-9.588206,-4.368188,-0.162795,-0.135001,0.666089,-0.686554,-0.258348,2024-08-29 22:55:39
1724943339733.0,-9.58952,-4.38679,-0.162244,-0.133579,0.664082,-0.687173,-0.262575,2024-08-29 22:55:39
1724943339768.0,-9.590631,-4.403728,-0.161907,-0.130148,0.66159,-0.68916,-0.265364,2024-08-29 22:55:39
1724943339797.0,-9.593855,-4.410167,-0.161701,-0.128678,0.658495,-0.69193,-0.266568,2024-08-29 22:55:39
1724943339830.0,-9.594723,-4.42515,-0.162354,-0.129201,0.655078,-0.693952,-0.269463,2024-08-29 22:55:39
1724943339867.0,-9.595588,-4.438924,-0.162939,-0.129145,0.653181,-0.694921,-0.27159,2024-08-29 22:55:39
1724943339901.0,-9.596313,-4.451773,-0.163561,-0.130367,0.652179,-0.695252,-0.272564,2024-08-29 22:55:39
1724943339932.0,-9.59683,-4.46398,-0.164377,-0.13428,0.650996,-0.695012,-0.274101,2024-08-29 22:55:39
1724943339968.0,-9.598979,-4.488464,-0.165279,-0.137142,0.649679,-0.694262,-0.277685,2024-08-29 22:55:39
1724943340000.0,-9.599479,-4.498383,-0.166043,-0.136571,0.649499,-0.693482,-0.280326,2024-08-29 22:55:40
1724943340047.0,-9.599949,-4.507386,-0.166664,-0.136076,0.649691,-0.693447,-0.280206,2024-08-29 22:55:40
1724943340072.0,-9.59986,-4.516211,-0.167938,-0.138392,0.648044,-0.694566,-0.280116,2024-08-29 22:55:40
1724943340109.0,-9.600053,-4.524241,-0.169202,-0.140531,0.647389,-0.6952,-0.278991,2024-08-29 22:55:40
1724943340136.0,-9.600791,-4.531492,-0.169843,-0.141976,0.649018,-0.693883,-0.277749,2024-08-29 22:55:40
1724943340169.0,-9.60121,-4.538634,-0.171185,-0.147494,0.64991,-0.691879,-0.277787,2024-08-29 22:55:40
1724943340200.0,-9.601336,-4.545189,-0.172597,-0.153791,0.649672,-0.69005,-0.279475,2024-08-29 22:55:40
1724943340234.0,-9.601745,-4.550165,-0.172851,-0.156129,0.6499,-0.689607,-0.278738,2024-08-29 22:55:40
1724943340267.0,-9.602066,-4.554207,-0.17379,-0.156797,0.651032,-0.689671,-0.275548,2024-08-29 22:55:40
1724943340299.0,-9.60181,-4.558152,-0.174895,-0.159438,0.650491,-0.69058,-0.273022,2024-08-29 22:55:40
1724943340334.0,-9.601293,-4.561732,-0.176069,-0.162218,0.648354,-0.692281,-0.272157,2024-08-29 22:55:40
1724943340366.0,-9.60085,-4.564922,-0.177061,-0.162903,0.647638,-0.693291,-0.27088,2024-08-29 22:55:40
1724943340404.0,-9.600602,-4.567854,-0.177952,-0.162901,0.64784,-0.693477,-0.26992,2024-08-29 22:55:40
1724943340432.0,-9.600492,-4.570321,-0.177953,-0.161271,0.647741,-0.693396,-0.27134,2024-08-29 22:55:40
1724943340468.0,-9.600162,-4.572638,-0.178603,-0.158958,0.648066,-0.693748,-0.271029,2024-08-29 22:55:40
1724943340501.0,-9.599868,-4.575047,-0.179238,-0.158346,0.64807,-0.694431,-0.269624,2024-08-29 22:55:40
1724943340536.0,-9.60006,-4.577351,-0.177502,-0.157887,0.647696,-0.694526,-0.270544,2024-08-29 22:55:40
1724943340581.0,-9.600245,-4.579808,-0.178128,-0.157393,0.647544,-0.694661,-0.27085,2024-08-29 22:55:40
1724943340599.0,-9.600863,-4.582064,-0.178594,-0.156353,0.648107,-0.694657,-0.270114,2024-08-29 22:55:40
1724943340637.0,-9.602135,-4.583966,-0.176195,-0.155029,0.64884,-0.694263,-0.270133,2024-08-29 22:55:40
1724943340666.0,-9.602973,-4.586513,-0.176892,-0.154542,0.649068,-0.693983,-0.270582,2024-08-29 22:55:40
1724943340697.0,-9.603694,-4.588973,-0.177757,-0.154337,0.64872,-0.694361,-0.270564,2024-08-29 22:55:40
