timestamp,pos_x,pos_y,pos_z,quat_w,quat_x,quat_y,quat_z,timestamp_sec
1092750390183350.0,3.709632,-0.104148,-0.349493,0.470183,-0.000942,-0.530441,-0.705379,1092750.0
1092750423512100.0,3.71044,-0.104237,-0.349666,0.469586,-0.002124,-0.52853,-0.707206,1092750.0
1092750456818471.0,3.711042,-0.104714,-0.34803,0.470377,-0.002367,-0.52647,-0.708215,1092750.0
1092750490147221.0,3.711509,-0.104598,-0.348099,0.471119,-0.002879,-0.524998,-0.708812,1092750.0
1092750523475971.0,3.712195,-0.10442,-0.348311,0.470515,-0.003875,-0.523699,-0.710169,1092750.0
1092750556811777.0,3.712626,-0.104478,-0.347996,0.469689,-0.004614,-0.521967,-0.711984,1092750.0
1092750590140527.0,3.713289,-0.104586,-0.348164,0.469085,-0.004746,-0.520859,-0.713192,1092750.0
1092750623469277.0,3.714003,-0.104853,-0.348403,0.468352,-0.004915,-0.519939,-0.714343,1092750.0
1092750656798198.0,3.714473,-0.105259,-0.347958,0.467642,-0.005282,-0.518726,-0.715686,1092750.0
1092750690126948.0,3.715401,-0.105616,-0.348319,0.466767,-0.005202,-0.518337,-0.716539,1092750.0
1092750723455698.0,3.716492,-0.105953,-0.34871,0.465785,-0.00521,-0.517972,-0.717442,1092750.0
1092750756775288.0,3.717448,-0.10649,-0.348345,0.46444,-0.005515,-0.517625,-0.71856,1092750.0
1092750790104038.0,3.718771,-0.107021,-0.348823,0.463483,-0.005708,-0.517511,-0.719259,1092750.0
1092750823432788.0,3.720292,-0.107744,-0.349312,0.462638,-0.005405,-0.517605,-0.719737,1092750.0
1092750856626507.0,3.722083,-0.108019,-0.348476,0.461279,-0.005149,-0.517517,-0.720674,1092750.0
1092750889955257.0,3.724345,-0.108712,-0.348956,0.459572,-0.004906,-0.517717,-0.721622,1092750.0
1092750923284007.0,3.726825,-0.109394,-0.349321,0.458278,-0.004173,-0.51822,-0.722088,1092750.0
1092750956551594.0,3.729507,-0.109612,-0.348155,0.457649,-0.003586,-0.518397,-0.722363,1092750.0
1092750989880344.0,3.732367,-0.110152,-0.348231,0.457088,-0.003048,-0.518157,-0.722893,1092750.0
1092751023209094.0,3.735435,-0.110539,-0.348238,0.4568,-0.00273,-0.517992,-0.723195,1092751.0
1092751056616800.0,3.738554,-0.110208,-0.347216,0.457086,-0.002646,-0.518232,-0.722842,1092751.0
1092751089945550.0,3.741766,-0.110234,-0.346929,0.457556,-0.002422,-0.51838,-0.722439,1092751.0
1092751123274300.0,3.744958,-0.110225,-0.346519,0.457684,-0.002407,-0.519215,-0.721759,1092751.0
1092751156675854.0,3.747862,-0.109704,-0.34558,0.458191,-0.002272,-0.519538,-0.721204,1092751.0
1092751190004604.0,3.750542,-0.110267,-0.344724,0.458876,-0.000779,-0.519736,-0.72063,1092751.0
1092751223333354.0,3.753049,-0.111109,-0.343821,0.459311,0.001239,-0.519552,-0.720484,1092751.0
1092751256780702.0,3.755493,-0.111615,-0.34281,0.45889,0.002996,-0.519643,-0.720682,1092751.0
1092751290109452.0,3.757857,-0.112513,-0.342158,0.457834,0.004864,-0.520414,-0.720786,1092751.0
1092751323438202.0,3.759936,-0.11359,-0.341422,0.457309,0.007014,-0.520604,-0.720965,1092751.0
1092751356739545.0,3.762354,-0.114086,-0.340831,0.456691,0.009661,-0.520474,-0.72142,1092751.0
1092751390068295.0,3.764188,-0.115237,-0.340233,0.456023,0.011786,-0.520161,-0.722036,1092751.0
1092751423397045.0,3.765892,-0.116172,-0.339738,0.45539,0.013184,-0.520591,-0.722102,1092751.0
1092751456750512.0,3.767915,-0.116217,-0.339257,0.454449,0.013758,-0.521245,-0.722213,1092751.0
1092751490079262.0,3.769171,-0.116894,-0.338659,0.454404,0.014113,-0.521224,-0.722249,1092751.0
1092751523408012.0,3.770066,-0.117564,-0.337949,0.455282,0.015264,-0.521045,-0.721802,1092751.0
1092751556729615.0,3.770834,-0.117893,-0.33713,0.456137,0.016538,-0.520541,-0.721597,1092751.0
1092751590058365.0,3.771665,-0.118315,-0.336675,0.456462,0.017363,-0.520111,-0.721682,1092751.0
1092751623387115.0,3.772572,-0.118573,-0.336386,0.456332,0.017731,-0.519682,-0.722065,1092751.0
1092751656723026.0,3.774019,-0.117706,-0.336075,0.456002,0.017567,-0.519766,-0.722216,1092751.0
1092751690051776.0,3.774751,-0.117614,-0.335732,0.456438,0.017193,-0.519006,-0.722497,1092751.0
1092751723380526.0,3.775345,-0.11738,-0.335313,0.457654,0.01686,-0.518364,-0.722196,1092751.0
1092751756719603.0,3.77598,-0.11697,-0.334907,0.458756,0.016326,-0.51767,-0.722007,1092751.0
1092751790048353.0,3.776842,-0.116586,-0.334562,0.459899,0.015653,-0.516574,-0.72208,1092751.0
1092751823377103.0,3.777849,-0.116145,-0.334239,0.461449,0.015428,-0.515767,-0.721672,1092751.0
1092751856718251.0,3.779061,-0.115452,-0.333854,0.462497,0.015069,-0.515217,-0.721402,1092751.0
1092751890047001.0,3.780721,-0.114754,-0.333746,0.463301,0.014231,-0.514674,-0.72129,1092751.0
1092751923375751.0,3.782561,-0.113954,-0.3336,0.464593,0.013769,-0.514316,-0.720723,1092751.0
1092751956740594.0,3.784975,-0.113071,-0.333671,0.465964,0.01378,-0.513936,-0.720109,1092751.0
1092751990069344.0,3.78739,-0.112035,-0.333469,0.466828,0.013998,-0.513759,-0.719672,1092751.0
1092752023398094.0,3.790148,-0.110636,-0.333401,0.466826,0.013316,-0.513942,-0.719555,1092752.0
1092752056739526.0,3.7929,-0.108723,-0.333702,0.467024,0.011822,-0.51358,-0.719711,1092752.0
1092752090068276.0,3.795668,-0.106746,-0.333696,0.468433,0.011716,-0.513383,-0.718938,1092752.0
1092752123397026.0,3.798717,-0.104349,-0.333747,0.469453,0.011752,-0.513152,-0.718436,1092752.0
1092752156750121.0,3.802028,-0.101165,-0.334287,0.469812,0.010289,-0.51269,-0.718554,1092752.0
1092752190078871.0,3.80574,-0.097133,-0.334809,0.47009,0.008518,-0.513618,-0.717732,1092752.0
1092752223407621.0,3.80988,-0.092452,-0.335457,0.469809,0.006396,-0.515334,-0.716707,1092752.0
1092752256783360.0,3.813907,-0.087104,-0.336141,0.469616,0.003802,-0.515892,-0.716451,1092752.0
1092752290112110.0,3.818624,-0.081367,-0.336771,0.469933,0.002175,-0.517141,-0.715348,1092752.0
1092752323440860.0,3.823616,-0.075155,-0.337391,0.47043,0.001053,-0.518712,-0.713885,1092752.0
1092752356805326.0,3.828401,-0.068678,-0.337348,0.47091,0.000531,-0.51933,-0.71312,1092752.0
1092752390134076.0,3.834199,-0.061809,-0.337612,0.470985,0.000797,-0.519682,-0.712813,1092752.0
1092752423462826.0,3.840408,-0.054453,-0.337759,0.47084,0.001827,-0.520333,-0.712432,1092752.0
1092752456793423.0,3.846642,-0.046766,-0.337222,0.471113,0.003288,-0.520957,-0.71179,1092752.0
1092752490122173.0,3.853535,-0.03809,-0.337225,0.471527,0.004542,-0.521007,-0.711472,1092752.0
1092752523450923.0,3.860838,-0.02855,-0.337208,0.472173,0.006304,-0.520963,-0.711062,1092752.0
1092752556818863.0,3.868205,-0.018692,-0.336282,0.472387,0.008065,-0.522123,-0.710052,1092752.0
1092752590147613.0,3.87647,-0.007228,-0.336427,0.471933,0.008504,-0.522965,-0.709728,1092752.0
1092752623476363.0,3.885214,0.004986,-0.336371,0.470915,0.009088,-0.524116,-0.709549,1092752.0
1092752656807908.0,3.894391,0.017549,-0.335671,0.469575,0.01105,-0.525709,-0.70923,1092752.0
1092752690136658.0,3.903873,0.030411,-0.334536,0.46871,0.013348,-0.525435,-0.709965,1092752.0
1092752723465408.0,3.913661,0.043421,-0.333189,0.46786,0.016096,-0.523963,-0.711555,1092752.0
1092752756894796.0,3.923302,0.056695,-0.331684,0.466976,0.019139,-0.523541,-0.712371,1092752.0
1092752790223546.0,3.933237,0.070125,-0.330846,0.466501,0.021857,-0.523178,-0.71287,1092752.0
1092752823552296.0,3.942832,0.083277,-0.330168,0.467378,0.025544,-0.521546,-0.713369,1092752.0
1092752856932547.0,3.952772,0.09623,-0.329727,0.468064,0.02954,-0.521106,-0.713086,1092752.0
1092752890261297.0,3.962846,0.109511,-0.329915,0.466312,0.030651,-0.521966,-0.713558,1092752.0
1092752923590047.0,3.972887,0.122362,-0.33037,0.46461,0.030784,-0.522374,-0.714364,1092752.0
1092752956860712.0,3.982576,0.134905,-0.330131,0.463419,0.032696,-0.523511,-0.71422,1092752.0
1092752990189462.0,3.992707,0.146924,-0.331019,0.461021,0.03311,-0.524829,-0.714785,1092752.0
1092753023518212.0,4.002784,0.158826,-0.332137,0.458585,0.03232,-0.526651,-0.715048,1092753.0
1092753056807745.0,4.012444,0.1702,-0.332108,0.457312,0.031584,-0.528432,-0.714583,1092753.0
1092753090136495.0,4.022397,0.181757,-0.333154,0.455919,0.029638,-0.528958,-0.715166,1092753.0
1092753123465245.0,4.032514,0.193426,-0.334318,0.455002,0.027212,-0.529653,-0.715333,1092753.0
1092753156740286.0,4.042864,0.205541,-0.334587,0.455375,0.025226,-0.530129,-0.714815,1092753.0
1092753190069036.0,4.053726,0.217417,-0.335933,0.455689,0.023241,-0.530552,-0.714368,1092753.0
1092753223397786.0,4.065266,0.22934,-0.337496,0.455636,0.020667,-0.531131,-0.71405,1092753.0
1092753256658417.0,4.077627,0.241554,-0.337782,0.456255,0.018049,-0.530771,-0.713994,1092753.0
1092753289987167.0,4.090361,0.253497,-0.339289,0.457424,0.015779,-0.529335,-0.714366,1092753.0
1092753323315917.0,4.103794,0.265586,-0.340807,0.459042,0.014229,-0.527515,-0.714707,1092753.0
1092753356560431.0,4.117824,0.277754,-0.341774,0.460887,0.013224,-0.525869,-0.714752,1092753.0
1092753389889181.0,4.132888,0.290312,-0.343411,0.462521,0.011053,-0.523645,-0.715366,1092753.0
1092753423217931.0,4.148693,0.30315,-0.345049,0.463963,0.008386,-0.522423,-0.715362,1092753.0
1092753456568013.0,4.165129,0.316195,-0.345404,0.466019,0.006123,-0.522031,-0.714334,1092753.0
1092753489896763.0,4.182028,0.329032,-0.346147,0.469073,0.003231,-0.52033,-0.713594,1092753.0
1092753523225513.0,4.199532,0.341906,-0.346124,0.472285,0.000297,-0.517488,-0.713549,1092753.0
1092753556624520.0,4.217804,0.355322,-0.344696,0.473911,-0.002309,-0.517724,-0.712296,1092753.0
1092753589953270.0,4.236093,0.36886,-0.343334,0.475056,-0.006186,-0.518861,-0.710681,1092753.0
1092753623282020.0,4.254561,0.381633,-0.341308,0.475992,-0.008403,-0.517332,-0.711146,1092753.0
1092753656578803.0,4.273034,0.393314,-0.338987,0.476144,-0.007845,-0.514275,-0.713265,1092753.0
1092753689907553.0,4.291606,0.405374,-0.337008,0.475838,-0.006568,-0.511597,-0.715405,1092753.0
1092753723236303.0,4.309961,0.417714,-0.335721,0.474946,-0.004875,-0.510847,-0.716545,1092753.0
1092753756758086.0,4.327868,0.430658,-0.334024,0.47385,-0.004118,-0.511429,-0.716861,1092753.0
1092753790086836.0,4.34522,0.444155,-0.334091,0.473417,-0.003957,-0.51376,-0.71548,1092753.0
1092753823415586.0,4.362094,0.457945,-0.334552,0.472844,-0.003838,-0.517121,-0.713436,1092753.0
1092753856723562.0,4.377987,0.470918,-0.334186,0.471581,-0.004103,-0.519003,-0.712903,1092753.0
1092753890052312.0,4.393888,0.484763,-0.335146,0.470806,-0.004731,-0.519201,-0.713267,1092753.0
1092753923381062.0,4.409401,0.499387,-0.336559,0.470122,-0.005197,-0.521058,-0.71236,1092753.0
1092753956836494.0,4.423887,0.51358,-0.338156,0.469581,-0.006581,-0.523648,-0.710805,1092753.0
1092753990165244.0,4.438895,0.529505,-0.340321,0.470118,-0.008005,-0.524611,-0.709724,1092753.0
1092754023493994.0,4.454133,0.546085,-0.342548,0.47039,-0.008172,-0.525195,-0.70911,1092754.0
1092754056900010.0,4.469676,0.562702,-0.343135,0.469654,-0.007435,-0.52681,-0.708408,1092754.0
1092754090228760.0,4.485461,0.580391,-0.344838,0.469149,-0.006194,-0.527924,-0.707925,1092754.0
1092754123557510.0,4.501323,0.598065,-0.345864,0.469148,-0.003668,-0.52734,-0.708378,1092754.0
1092754156896431.0,4.518829,0.61678,-0.346397,0.468842,-2.8e-05,-0.526431,-0.709266,1092754.0
1092754190225181.0,4.535376,0.635224,-0.346468,0.468405,0.003263,-0.525825,-0.709996,1092754.0
1092754223553931.0,4.552476,0.654406,-0.345956,0.466309,0.006066,-0.526248,-0.711043,1092754.0
1092754256846182.0,4.569685,0.673768,-0.345453,0.462391,0.008275,-0.52768,-0.712517,1092754.0
1092754290174932.0,4.587415,0.692722,-0.343639,0.458564,0.010315,-0.528336,-0.714475,1092754.0
1092754323503682.0,4.605088,0.710797,-0.341399,0.455323,0.01309,-0.527098,-0.71741,1092754.0
1092754356711102.0,4.622439,0.728049,-0.339443,0.452592,0.017997,-0.528045,-0.718334,1092754.0
1092754390039852.0,4.639857,0.745102,-0.33733,0.450406,0.022297,-0.529605,-0.71844,1092754.0
1092754423368602.0,4.657193,0.761711,-0.335713,0.448574,0.025195,-0.531341,-0.718209,1092754.0
1092754456668130.0,4.674245,0.777797,-0.335104,0.445998,0.027655,-0.535415,-0.716695,1092754.0
1092754489996880.0,4.691303,0.793712,-0.334517,0.443629,0.029038,-0.539121,-0.715331,1092754.0
1092754523325630.0,4.70809,0.809335,-0.334202,0.44234,0.02974,-0.540749,-0.714872,1092754.0
1092754556555500.0,4.72726,0.827822,-0.334572,0.441663,0.03081,-0.542161,-0.714175,1092754.0
1092754589884250.0,4.744617,0.843603,-0.33545,0.441084,0.031941,-0.544129,-0.712986,1092754.0
1092754623213000.0,4.762844,0.859369,-0.337182,0.438666,0.031481,-0.545972,-0.713089,1092754.0
1092754656640808.0,4.782683,0.876064,-0.339792,0.43616,0.03005,-0.547369,-0.713616,1092754.0
1092754689969558.0,4.801837,0.89166,-0.341939,0.435554,0.030018,-0.548229,-0.713328,1092754.0
1092754723298308.0,4.821714,0.907249,-0.344131,0.435155,0.029714,-0.548473,-0.713396,1092754.0
1092754756634909.0,4.843525,0.923751,-0.347764,0.434319,0.028788,-0.547936,-0.714356,1092754.0
1092754789963659.0,4.864631,0.939569,-0.349567,0.43452,0.029258,-0.549169,-0.713266,1092754.0
1092754823292409.0,4.885886,0.955212,-0.35063,0.43615,0.029872,-0.549776,-0.711777,1092754.0
1092754856689775.0,4.907054,0.970146,-0.351645,0.43817,0.030095,-0.548533,-0.711487,1092754.0
1092754890018525.0,4.928973,0.985681,-0.351009,0.439179,0.030351,-0.549684,-0.709963,1092754.0
1092754923347275.0,4.950966,1.001237,-0.349475,0.438556,0.029696,-0.552089,-0.708509,1092754.0
1092754956680918.0,4.972556,1.016491,-0.348518,0.438833,0.028708,-0.551921,-0.708509,1092754.0
1092754990009668.0,4.993134,1.031228,-0.345318,0.439694,0.029884,-0.551363,-0.708361,1092754.0
1092755023338418.0,5.013268,1.046239,-0.342389,0.439282,0.029394,-0.551833,-0.708271,1092755.0
1092755056526270.0,5.032928,1.061517,-0.341896,0.439227,0.027388,-0.55142,-0.708707,1092755.0
1092755089855020.0,5.051527,1.077384,-0.339656,0.440348,0.027347,-0.552772,-0.706958,1092755.0
1092755123183770.0,5.069789,1.093729,-0.337891,0.440785,0.026629,-0.555279,-0.704745,1092755.0
1092755156486345.0,5.091034,1.11231,-0.338767,0.440516,0.023913,-0.555137,-0.705122,1092755.0
1092755189815095.0,5.108597,1.128779,-0.337638,0.441723,0.022335,-0.552953,-0.706134,1092755.0
1092755223143845.0,5.125955,1.145675,-0.336862,0.44415,0.023139,-0.551338,-0.705848,1092755.0
1092755256471757.0,5.1421,1.162379,-0.338236,0.445721,0.023986,-0.551034,-0.705066,1092755.0
1092755289800507.0,5.15986,1.180591,-0.338787,0.446561,0.024074,-0.550214,-0.705173,1092755.0
1092755323129257.0,5.177584,1.199166,-0.33947,0.448066,0.026362,-0.549223,-0.704909,1092755.0
1092755356492535.0,5.197696,1.21946,-0.340742,0.449219,0.030527,-0.547656,-0.705226,1092755.0
1092755389821285.0,5.216369,1.239098,-0.341616,0.44792,0.034125,-0.547662,-0.705882,1092755.0
1092755423150035.0,5.235161,1.25926,-0.342128,0.446119,0.036597,-0.548221,-0.706465,1092755.0
1092755456372728.0,5.255311,1.280355,-0.34282,0.446799,0.040693,-0.54723,-0.706579,1092755.0
1092755489701478.0,5.274355,1.299994,-0.341376,0.447059,0.047679,-0.547798,-0.705537,1092755.0
1092755523030228.0,5.2945,1.319415,-0.339552,0.441922,0.051911,-0.551401,-0.705668,1092755.0
1092755556427253.0,5.31755,1.339316,-0.338631,0.435718,0.053783,-0.551525,-0.709279,1092755.0
1092755589756003.0,5.337057,1.356658,-0.335436,0.432334,0.060103,-0.551096,-0.711174,1092755.0
1092755623084753.0,5.3561,1.373307,-0.332058,0.429797,0.069545,-0.553046,-0.710337,1092755.0
1092755656304853.0,5.373404,1.38911,-0.330403,0.426669,0.07581,-0.554518,-0.710434,1092755.0
1092755689633603.0,5.392354,1.405064,-0.328584,0.422571,0.0782,-0.554755,-0.712437,1092755.0
1092755722962353.0,5.411351,1.420963,-0.327788,0.417384,0.07886,-0.557292,-0.71344,1092755.0
1092755756325293.0,5.430036,1.437414,-0.329737,0.413156,0.077933,-0.560913,-0.713165,1092755.0
1092755789654043.0,5.448469,1.453406,-0.330506,0.411585,0.0763,-0.563519,-0.712196,1092755.0
1092755822982793.0,5.467043,1.469174,-0.331732,0.411027,0.075457,-0.565252,-0.711233,1092755.0
1092755856421904.0,5.490332,1.488495,-0.333716,0.409588,0.073713,-0.566053,-0.711609,1092755.0
1092755889750654.0,5.510555,1.504359,-0.336572,0.408468,0.071066,-0.567032,-0.711743,1092755.0
1092755923079404.0,5.53176,1.520101,-0.33987,0.407639,0.068648,-0.568461,-0.711315,1092755.0
1092755956278594.0,5.558149,1.539421,-0.343982,0.406727,0.066495,-0.568855,-0.711727,1092755.0
1092755989607344.0,5.581511,1.554556,-0.347203,0.40665,0.06504,-0.569126,-0.711689,1092755.0
1092756022936094.0,5.605693,1.569278,-0.34978,0.407452,0.06461,-0.570655,-0.710043,1092756.0
1092756056268243.0,5.630593,1.58363,-0.352419,0.409701,0.065772,-0.570337,-0.708898,1092756.0
1092756089596993.0,5.655724,1.596817,-0.353287,0.412502,0.068194,-0.569437,-0.707766,1092756.0
1092756122925743.0,5.681277,1.610203,-0.353179,0.41472,0.071576,-0.571298,-0.70463,1092756.0
1092756156164880.0,5.707052,1.623747,-0.352874,0.413457,0.073148,-0.577431,-0.700197,1092756.0
1092756189493630.0,5.732954,1.636746,-0.351245,0.411595,0.070745,-0.577049,-0.701854,1092756.0
1092756222822380.0,5.758374,1.64935,-0.348727,0.409462,0.070933,-0.577556,-0.702665,1092756.0
1092756256064603.0,5.784401,1.663103,-0.34671,0.406342,0.071578,-0.579262,-0.703007,1092756.0
1092756289393353.0,5.808393,1.675974,-0.34431,0.404781,0.070509,-0.578726,-0.704455,1092756.0
1092756322722103.0,5.831514,1.689068,-0.342149,0.404183,0.071544,-0.580182,-0.703496,1092756.0
1092756356097743.0,5.853145,1.701172,-0.341047,0.402612,0.072364,-0.58249,-0.702405,1092756.0
1092756389426493.0,5.874738,1.714143,-0.340282,0.402755,0.071217,-0.580269,-0.704276,1092756.0
1092756422755243.0,5.895651,1.727416,-0.340421,0.405391,0.071595,-0.577841,-0.704722,1092756.0
1092756456092763.0,5.918781,1.743507,-0.342398,0.406457,0.072277,-0.579615,-0.702577,1092756.0
1092756489421513.0,5.940888,1.758542,-0.345211,0.404665,0.069838,-0.582845,-0.701186,1092756.0
1092756522750263.0,5.963358,1.773853,-0.348412,0.402256,0.067257,-0.585111,-0.700936,1092756.0
1092756556098206.0,5.987757,1.790111,-0.351931,0.400773,0.06693,-0.586345,-0.700786,1092756.0
1092756589426956.0,6.010851,1.805542,-0.354405,0.400463,0.069625,-0.586466,-0.700599,1092756.0
1092756622755706.0,6.034566,1.82114,-0.35643,0.39987,0.073858,-0.585791,-0.701069,1092756.0
1092756656078149.0,6.058838,1.837225,-0.359015,0.398166,0.077273,-0.585924,-0.701559,1092756.0
1092756689406899.0,6.083498,1.853809,-0.360088,0.396838,0.079812,-0.586374,-0.701652,1092756.0
1092756722735649.0,6.108143,1.870685,-0.359632,0.396947,0.083887,-0.587778,-0.699937,1092756.0
1092756756070251.0,6.132974,1.886973,-0.357922,0.3965,0.089031,-0.58943,-0.698164,1092756.0
1092756789399001.0,6.157569,1.903016,-0.354862,0.396014,0.092716,-0.587606,-0.699497,1092756.0
1092756822727751.0,6.181555,1.918316,-0.351384,0.396971,0.097943,-0.584898,-0.700511,1092756.0
1092756856009568.0,6.207179,1.93351,-0.348252,0.397731,0.104745,-0.58477,-0.699202,1092756.0
1092756889338318.0,6.23113,1.94762,-0.345333,0.395338,0.108815,-0.585586,-0.699254,1092756.0
1092756922667068.0,6.254987,1.960838,-0.343073,0.391382,0.109318,-0.584517,-0.702289,1092756.0
1092756956059201.0,6.277352,1.973247,-0.341315,0.388551,0.109198,-0.582985,-0.705147,1092756.0
1092756989387951.0,6.300576,1.985803,-0.340885,0.386995,0.109114,-0.581701,-0.707074,1092756.0
1092757022716701.0,6.323962,1.998669,-0.341488,0.386418,0.108959,-0.581624,-0.707476,1092757.0
1092757056074894.0,6.345479,2.010685,-0.342243,0.385774,0.107405,-0.579286,-0.709979,1092757.0
1092757089403644.0,6.370422,2.024453,-0.344674,0.384986,0.104628,-0.577531,-0.712248,1092757.0
1092757122732394.0,6.39633,2.038452,-0.347347,0.384944,0.103896,-0.578252,-0.711792,1092757.0
1092757155964921.0,6.423285,2.052198,-0.350529,0.384289,0.102042,-0.578313,-0.712364,1092757.0
1092757189293671.0,6.451481,2.066015,-0.353679,0.382804,0.096898,-0.576918,-0.715008,1092757.0
1092757222622421.0,6.479916,2.079796,-0.356068,0.383999,0.090593,-0.575292,-0.716503,1092757.0
1092757255865067.0,6.507853,2.093364,-0.356287,0.391188,0.088352,-0.573476,-0.714347,1092757.0
1092757289193817.0,6.535657,2.10585,-0.355744,0.398936,0.089189,-0.572258,-0.710927,1092757.0
1092757322522567.0,6.563751,2.118253,-0.354815,0.406126,0.085852,-0.569607,-0.709394,1092757.0
1092757355945246.0,6.590198,2.129499,-0.353908,0.414035,0.079322,-0.566826,-0.707808,1092757.0
1092757389273996.0,6.618763,2.142838,-0.352571,0.420556,0.072537,-0.56632,-0.70509,1092757.0
1092757422602746.0,6.647391,2.156598,-0.351662,0.425467,0.065541,-0.565767,-0.703271,1092757.0
1092757456003937.0,6.674597,2.170203,-0.351765,0.429468,0.057501,-0.565723,-0.701576,1092757.0
1092757489332687.0,6.703075,2.185624,-0.352381,0.429784,0.048759,-0.567813,-0.700355,1092757.0
1092757522661437.0,6.731297,2.201244,-0.353302,0.427341,0.039894,-0.568717,-0.701676,1092757.0
1092757555969880.0,6.757271,2.216634,-0.353518,0.427028,0.031823,-0.568112,-0.702768,1092757.0
1092757589298630.0,6.783429,2.232801,-0.354625,0.428941,0.025799,-0.566211,-0.703384,1092757.0
1092757622627380.0,6.80924,2.249779,-0.356624,0.431352,0.020177,-0.563689,-0.704119,1092757.0
1092757655820489.0,6.833638,2.267847,-0.357975,0.435154,0.015107,-0.56155,-0.703615,1092757.0
1092757689149239.0,6.859149,2.287284,-0.36159,0.439359,0.011899,-0.561357,-0.701213,1092757.0
1092757722477989.0,6.885074,2.307978,-0.365939,0.441752,0.008453,-0.561828,-0.699381,1092757.0
1092757755833679.0,6.912468,2.330489,-0.367832,0.442212,0.004378,-0.562488,-0.698596,1092757.0
1092757789162429.0,6.939652,2.353328,-0.372803,0.440078,-0.000917,-0.562803,-0.699702,1092757.0
1092757822491179.0,6.967143,2.376798,-0.377206,0.437098,-0.004984,-0.563675,-0.70085,1092757.0
1092757855927510.0,6.997352,2.401864,-0.378091,0.436858,-0.006888,-0.563473,-0.701146,1092757.0
1092757889256260.0,7.02479,2.425235,-0.378546,0.439435,-0.007405,-0.561006,-0.701509,1092757.0
1092757922585010.0,7.052692,2.448696,-0.37716,0.441524,-0.0056,-0.560312,-0.700767,1092757.0
1092757955855321.0,7.08073,2.472494,-0.373401,0.441617,-0.003597,-0.560699,-0.700413,1092757.0
1092757989184071.0,7.108802,2.49498,-0.370593,0.44132,-0.001532,-0.557925,-0.702819,1092757.0
1092758022512821.0,7.136762,2.51677,-0.368191,0.440725,0.0018,-0.554616,-0.705804,1092758.0
1092758055774594.0,7.16296,2.53828,-0.36671,0.438566,0.002826,-0.553993,-0.707632,1092758.0
1092758089103344.0,7.191004,2.5602,-0.366999,0.435299,0.000815,-0.556423,-0.707748,1092758.0
1092758122432094.0,7.219051,2.581453,-0.368187,0.431702,-0.001623,-0.559479,-0.707541,1092758.0
1092758155618435.0,7.244341,2.601024,-0.369207,0.429165,-0.002576,-0.563206,-0.706123,1092758.0
1092758188947185.0,7.271843,2.620555,-0.371091,0.429136,-0.001845,-0.565229,-0.704525,1092758.0
1092758222275935.0,7.299839,2.639686,-0.373713,0.428514,-0.001124,-0.565354,-0.704804,1092758.0
1092758255613200.0,7.329784,2.659764,-0.376984,0.427126,-0.000273,-0.566592,-0.704654,1092758.0
1092758288941950.0,7.359168,2.679691,-0.38049,0.426805,0.000564,-0.569616,-0.702406,1092758.0
1092758322270700.0,7.389089,2.699732,-0.383568,0.427872,0.000114,-0.570117,-0.70135,1092758.0
1092758355630042.0,7.418342,2.718594,-0.385564,0.431748,0.001335,-0.567623,-0.700996,1092758.0
1092758388958792.0,7.449153,2.738278,-0.386831,0.437151,0.004859,-0.567435,-0.697778,1092758.0
1092758422287542.0,7.480668,2.757725,-0.38708,0.441785,0.008227,-0.568041,-0.694325,1092758.0
1092758455594355.0,7.511466,2.77536,-0.385465,0.445671,0.01067,-0.565774,-0.69366,1092758.0
1092758488923105.0,7.544391,2.793832,-0.382936,0.44583,0.012886,-0.56753,-0.692084,1092758.0
1092758522251855.0,7.57719,2.811081,-0.37904,0.444327,0.016143,-0.568181,-0.692447,1092758.0
1092758555632045.0,7.610281,2.828281,-0.374332,0.443064,0.022752,-0.567103,-0.693953,1092758.0
1092758588960795.0,7.6417,2.844756,-0.370333,0.44042,0.028522,-0.568729,-0.694093,1092758.0
1092758622289545.0,7.672425,2.861631,-0.36719,0.436859,0.032499,-0.571968,-0.693506,1092758.0
1092758655757260.0,7.697845,2.874892,-0.363858,0.433215,0.036758,-0.575111,-0.69298,1092758.0
1092758689086010.0,7.727028,2.891769,-0.361571,0.429861,0.040188,-0.578395,-0.692144,1092758.0
1092758722414760.0,7.755162,2.908635,-0.359631,0.429532,0.043243,-0.577807,-0.692655,1092758.0
1092758755878081.0,7.774152,2.919524,-0.357233,0.432143,0.048876,-0.576429,-0.691804,1092758.0
1092758789206831.0,7.801893,2.93727,-0.357532,0.432888,0.054867,-0.577129,-0.690304,1092758.0
1092758822535581.0,7.830526,2.955904,-0.3596,0.430605,0.057911,-0.57728,-0.691356,1092758.0
1092758855901365.0,7.859,2.975411,-0.362146,0.426022,0.059466,-0.576924,-0.694354,1092758.0
1092758889230115.0,7.888955,2.995249,-0.365973,0.42115,0.061616,-0.576195,-0.697736,1092758.0
1092758922558865.0,7.919668,3.015698,-0.369759,0.413964,0.064967,-0.581325,-0.697478,1092758.0
1092758955740068.0,7.950104,3.036041,-0.371243,0.405125,0.064208,-0.587333,-0.697704,1092758.0
1092758989068818.0,7.981134,3.056259,-0.372112,0.397365,0.06305,-0.58778,-0.701884,1092758.0
1092759022397568.0,8.012183,3.076091,-0.371225,0.387403,0.064127,-0.594096,-0.702037,1092759.0
1092759055506595.0,8.040573,3.094718,-0.367859,0.382249,0.067682,-0.596495,-0.702495,1092759.0
1092759088835345.0,8.069881,3.111249,-0.363531,0.381097,0.078498,-0.597778,-0.700903,1092759.0
1092759122164095.0,8.09902,3.126524,-0.358969,0.379176,0.090805,-0.599496,-0.698988,1092759.0
1092759155206877.0,8.127741,3.140515,-0.35505,0.376085,0.098815,-0.59954,-0.699534,1092759.0
1092759188535627.0,8.156247,3.154599,-0.3522,0.373394,0.104853,-0.600286,-0.699457,1092759.0
1092759221864377.0,8.183908,3.167876,-0.349837,0.372636,0.112066,-0.602384,-0.696934,1092759.0
1092759255372207.0,8.204417,3.175728,-0.346195,0.374345,0.12034,-0.600889,-0.695928,1092759.0
1092759288700957.0,8.231669,3.187818,-0.345422,0.375597,0.127879,-0.598697,-0.695799,1092759.0
1092759322029707.0,8.259707,3.200204,-0.346201,0.375481,0.132773,-0.597956,-0.695582,1092759.0
1092759355259687.0,8.287927,3.211613,-0.347957,0.374654,0.135871,-0.598821,-0.694684,1092759.0
1092759388588437.0,8.317789,3.223624,-0.350632,0.373407,0.137512,-0.59857,-0.69525,1092759.0
1092759421917187.0,8.348233,3.235473,-0.3536,0.374331,0.138028,-0.596882,-0.696101,1092759.0
1092759455311748.0,8.37627,3.246035,-0.35519,0.377548,0.140775,-0.598167,-0.692702,1092759.0
1092759488640498.0,8.407794,3.257059,-0.357037,0.379814,0.144035,-0.600352,-0.688892,1092759.0
1092759521969248.0,8.440023,3.26714,-0.357925,0.381323,0.145879,-0.597753,-0.68993,1092759.0
1092759555236994.0,8.473965,3.278671,-0.356105,0.381048,0.145134,-0.595311,-0.692347,1092759.0
1092759588565744.0,8.507128,3.289907,-0.354793,0.379303,0.142878,-0.600385,-0.689385,1092759.0
1092759621894494.0,8.539336,3.300245,-0.351982,0.381955,0.143203,-0.601127,-0.687204,1092759.0
1092759655169744.0,8.56903,3.307283,-0.347304,0.382684,0.147813,-0.60105,-0.685889,1092759.0
1092759688498494.0,8.601484,3.316164,-0.344857,0.37945,0.149904,-0.600802,-0.687447,1092759.0
1092759721827244.0,8.633801,3.325075,-0.343434,0.374533,0.151913,-0.600964,-0.689558,1092759.0
1092759755215047.0,8.66288,3.33157,-0.341185,0.368878,0.154971,-0.605184,-0.688233,1092759.0
1092759788543797.0,8.694274,3.340287,-0.341446,0.364774,0.15618,-0.607948,-0.687712,1092759.0
1092759821872547.0,8.725017,3.348739,-0.342274,0.363876,0.158072,-0.607891,-0.687806,1092759.0
1092759855108675.0,8.753762,3.355666,-0.341824,0.363163,0.162214,-0.609426,-0.685856,1092759.0
1092759888437425.0,8.785477,3.364552,-0.344486,0.360505,0.166317,-0.613113,-0.682984,1092759.0
1092759921766175.0,8.817871,3.373434,-0.347923,0.35676,0.169782,-0.615607,-0.681854,1092759.0
1092759955108995.0,8.850136,3.381362,-0.349561,0.35186,0.174053,-0.616334,-0.682666,1092759.0
1092759988437745.0,8.883533,3.38963,-0.353074,0.346871,0.182073,-0.619028,-0.680686,1092759.0
1092760021766495.0,8.917149,3.397424,-0.356098,0.341993,0.191774,-0.622777,-0.677061,1092760.0
1092760055103294.0,8.951369,3.404014,-0.358176,0.336184,0.200027,-0.624213,-0.67626,1092760.0
1092760088432044.0,8.985608,3.410542,-0.359843,0.330193,0.208247,-0.625432,-0.675603,1092760.0
1092760121760794.0,9.020872,3.417276,-0.360355,0.320525,0.215547,-0.629732,-0.673974,1092760.0
1092760155214751.0,9.056414,3.423908,-0.359535,0.308943,0.219006,-0.633653,-0.674592,1092760.0
1092760188543501.0,9.090168,3.428991,-0.357501,0.302807,0.225648,-0.634033,-0.674828,1092760.0
1092760221872251.0,9.122694,3.432686,-0.354723,0.298473,0.236045,-0.635871,-0.671464,1092760.0
1092760255224896.0,9.15391,3.433619,-0.350952,0.293062,0.244561,-0.637506,-0.669246,1092760.0
1092760288553646.0,9.186463,3.434991,-0.34945,0.284736,0.252045,-0.639777,-0.667895,1092760.0
1092760321882396.0,9.219032,3.435076,-0.349014,0.272842,0.258694,-0.643429,-0.666808,1092760.0
1092760355219790.0,9.244696,3.43016,-0.348188,0.262851,0.266086,-0.644418,-0.666959,1092760.0
1092760388548540.0,9.275722,3.428375,-0.349134,0.254897,0.274637,-0.645297,-0.665729,1092760.0
1092760421877290.0,9.306837,3.426213,-0.350946,0.247164,0.282486,-0.647677,-0.663043,1092760.0
1092760455201539.0,9.338892,3.423377,-0.352877,0.240441,0.288825,-0.649885,-0.660619,1092760.0
1092760488530289.0,9.370773,3.420238,-0.356071,0.234564,0.294164,-0.651803,-0.658484,1092760.0
1092760521859039.0,9.403038,3.416542,-0.359521,0.22997,0.299637,-0.654185,-0.655266,1092760.0
1092760555170083.0,9.434708,3.411501,-0.361863,0.226463,0.305005,-0.657129,-0.651052,1092760.0
1092760588498833.0,9.468072,3.406901,-0.364481,0.223301,0.309481,-0.660733,-0.646366,1092760.0
1092760621827583.0,9.501158,3.401714,-0.365975,0.221454,0.314066,-0.664084,-0.641336,1092760.0
1092760655272051.0,9.541685,3.399367,-0.364767,0.221806,0.317593,-0.665218,-0.638296,1092760.0
1092760688600801.0,9.575576,3.393924,-0.363869,0.217704,0.319311,-0.67102,-0.632754,1092760.0
1092760721929551.0,9.608906,3.388253,-0.361878,0.213748,0.32038,-0.675689,-0.62858,1092760.0
1092760755330055.0,9.643356,3.383087,-0.355824,0.213084,0.324753,-0.676064,-0.626153,1092760.0
1092760788658805.0,9.675689,3.377526,-0.353041,0.208645,0.328748,-0.679337,-0.622007,1092760.0
1092760821987555.0,9.70817,3.372159,-0.350844,0.203266,0.330877,-0.681319,-0.62049,1092760.0
1092760855430752.0,9.741734,3.366758,-0.346973,0.197651,0.333573,-0.682436,-0.619633,1092760.0
1092760888759502.0,9.773506,3.361556,-0.34588,0.19247,0.335725,-0.683289,-0.619161,1092760.0
1092760922088252.0,9.804891,3.356828,-0.345481,0.190375,0.337411,-0.683272,-0.618911,1092760.0
1092760955367496.0,9.833609,3.351081,-0.343735,0.189901,0.339962,-0.684701,-0.616074,1092760.0
1092760988696246.0,9.865887,3.34663,-0.345201,0.187763,0.342391,-0.68608,-0.613847,1092760.0
1092761022024996.0,9.898822,3.342294,-0.347618,0.184671,0.344705,-0.687199,-0.612236,1092761.0
1092761055276447.0,9.926669,3.336806,-0.346193,0.182286,0.347926,-0.688766,-0.609361,1092761.0
1092761088605197.0,9.960126,3.332974,-0.348858,0.181056,0.352444,-0.688706,-0.607195,1092761.0
1092761121933947.0,9.993958,3.329241,-0.351308,0.180223,0.358553,-0.688421,-0.604182,1092761.0
1092761155125443.0,10.024068,3.324921,-0.351402,0.178477,0.365434,-0.68877,-0.600166,1092761.0
1092761188454193.0,10.058827,3.320966,-0.352961,0.175726,0.371015,-0.687969,-0.59847,1092761.0
1092761221782943.0,10.094266,3.316997,-0.353404,0.172725,0.375831,-0.686598,-0.597912,1092761.0
1092761255105379.0,10.128175,3.312074,-0.35216,0.166213,0.379445,-0.687383,-0.596574,1092761.0
1092761288434129.0,10.164238,3.307928,-0.350115,0.160246,0.381665,-0.68667,-0.59761,1092761.0
1092761321762879.0,10.198793,3.303504,-0.347057,0.157418,0.385934,-0.685336,-0.597151,1092761.0
1092761355241222.0,10.224002,3.297968,-0.343333,0.154704,0.388952,-0.684336,-0.597048,1092761.0
1092761388569972.0,10.256871,3.292756,-0.341172,0.152914,0.389235,-0.682895,-0.598973,1092761.0
1092761421898722.0,10.289345,3.287235,-0.339638,0.151272,0.389196,-0.683808,-0.598372,1092761.0
1092761455262579.0,10.317434,3.279627,-0.337203,0.147814,0.389288,-0.685009,-0.597803,1092761.0
1092761488591329.0,10.349573,3.273027,-0.337029,0.14565,0.389881,-0.684058,-0.599035,1092761.0
1092761521920079.0,10.38139,3.266391,-0.337431,0.145352,0.391689,-0.682871,-0.599282,1092761.0
1092761555326335.0,10.402558,3.258619,-0.335727,0.145605,0.392601,-0.681289,-0.600424,1092761.0
1092761588655085.0,10.435149,3.251616,-0.338352,0.145283,0.391175,-0.680032,-0.602852,1092761.0
1092761621983835.0,10.468118,3.244512,-0.341573,0.146546,0.389033,-0.67992,-0.604059,1092761.0
1092761655269939.0,10.494511,3.236047,-0.341434,0.14909,0.387547,-0.680198,-0.604078,1092761.0
1092761688598689.0,10.528178,3.22824,-0.34485,0.154012,0.386311,-0.679529,-0.604387,1092761.0
1092761721927439.0,10.562457,3.219944,-0.34789,0.158627,0.384991,-0.681439,-0.601881,1092761.0
1092761755305022.0,10.596261,3.21126,-0.349458,0.162475,0.382878,-0.683246,-0.600151,1092761.0
1092761788633772.0,10.63121,3.201248,-0.350618,0.166661,0.379925,-0.682889,-0.601285,1092761.0
1092761821962522.0,10.66696,3.191169,-0.350384,0.168844,0.374847,-0.684565,-0.601957,1092761.0
1092761855479736.0,10.702049,3.182312,-0.347726,0.168192,0.367334,-0.689482,-0.601159,1092761.0
1092761888808486.0,10.735739,3.17246,-0.344849,0.175284,0.363767,-0.68931,-0.601499,1092761.0
1092761922137236.0,10.768625,3.162228,-0.341673,0.179468,0.364925,-0.690629,-0.598041,1092761.0
1092761955559341.0,10.800235,3.150343,-0.336077,0.177537,0.364595,-0.691408,-0.597918,1092761.0
1092761988888091.0,10.833541,3.139887,-0.334711,0.173,0.362983,-0.690709,-0.601028,1092761.0
1092762022216841.0,10.86612,3.129774,-0.334106,0.167698,0.36131,-0.690886,-0.603331,1092762.0
1092762055447222.0,10.895102,3.119825,-0.331189,0.165373,0.35894,-0.69049,-0.605835,1092762.0
1092762088775972.0,10.926313,3.110541,-0.332105,0.1665,0.357767,-0.690123,-0.606639,1092762.0
1092762122104722.0,10.957819,3.101368,-0.333843,0.167962,0.358559,-0.691208,-0.604529,1092762.0
1092762155454081.0,10.992586,3.091822,-0.336088,0.167533,0.360411,-0.69241,-0.602168,1092762.0
1092762188782831.0,11.025857,3.082519,-0.339644,0.16562,0.36182,-0.691887,-0.602451,1092762.0
1092762222111581.0,11.059919,3.073329,-0.343542,0.163059,0.362685,-0.690532,-0.604183,1092762.0
1092762255428528.0,11.092906,3.063877,-0.346294,0.161909,0.365195,-0.690101,-0.603472,1092762.0
1092762288757278.0,11.12672,3.05518,-0.348609,0.163975,0.37061,-0.689379,-0.60043,1092762.0
1092762322086028.0,11.161215,3.046512,-0.350272,0.165598,0.375106,-0.687699,-0.599118,1092762.0
1092762355574399.0,11.196334,3.038599,-0.349906,0.164866,0.37644,-0.687262,-0.598984,1092762.0
1092762388903149.0,11.232403,3.0301,-0.348884,0.162789,0.378569,-0.688191,-0.597141,1092762.0
1092762422231899.0,11.268086,3.021264,-0.346786,0.159891,0.379886,-0.688457,-0.596782,1092762.0
1092762455423276.0,11.299425,3.011978,-0.343037,0.158842,0.382047,-0.687067,-0.597284,1092762.0
1092762488752026.0,11.332726,3.002208,-0.33933,0.15803,0.386839,-0.685558,-0.596148,1092762.0
1092762522080776.0,11.36546,2.991934,-0.33593,0.156355,0.390689,-0.683347,-0.596617,1092762.0
1092762555572792.0,11.394122,2.981762,-0.332575,0.152464,0.392242,-0.681309,-0.598931,1092762.0
1092762588901542.0,11.426313,2.971091,-0.331062,0.149097,0.393267,-0.680005,-0.600586,1092762.0
1092762622230292.0,11.457948,2.960678,-0.330554,0.148726,0.394898,-0.679998,-0.599615,1092762.0
1092762655429060.0,11.484942,2.950628,-0.329246,0.148476,0.395531,-0.68062,-0.598554,1092762.0
1092762688757810.0,11.517582,2.939543,-0.331726,0.146302,0.393987,-0.681122,-0.599536,1092762.0
1092762722086560.0,11.550474,2.927961,-0.335281,0.144453,0.392059,-0.681744,-0.60054,1092762.0
1092762755400218.0,11.585923,2.91555,-0.338561,0.143404,0.390582,-0.68183,-0.601655,1092762.0
1092762788728968.0,11.619477,2.902474,-0.343082,0.142127,0.389531,-0.681193,-0.603359,1092762.0
1092762822057718.0,11.652994,2.889024,-0.346854,0.144788,0.390222,-0.6815,-0.601931,1092762.0
1092762855313972.0,11.686981,2.873772,-0.349194,0.149246,0.39296,-0.682461,-0.597959,1092762.0
1092762888642722.0,11.72169,2.858259,-0.351583,0.149205,0.393312,-0.683617,-0.596415,1092762.0
1092762921971472.0,11.756849,2.842173,-0.352871,0.149092,0.390882,-0.683008,-0.598735,1092762.0
1092762955366860.0,11.787207,2.826017,-0.352084,0.148175,0.387516,-0.684626,-0.599302,1092762.0
1092762988695610.0,11.8217,2.80995,-0.349798,0.145912,0.383945,-0.688118,-0.598155,1092762.0
1092763022024360.0,11.854626,2.794058,-0.34608,0.148569,0.383209,-0.68797,-0.598144,1092763.0
1092763055350421.0,11.885385,2.778292,-0.342334,0.149071,0.383976,-0.689056,-0.596273,1092763.0
1092763088679171.0,11.917589,2.762946,-0.339304,0.146222,0.383595,-0.69038,-0.595692,1092763.0
1092763122007921.0,11.949608,2.747716,-0.337388,0.141222,0.382665,-0.690697,-0.597128,1092763.0
1092763155338543.0,11.980268,2.732495,-0.335027,0.135599,0.380964,-0.692235,-0.597738,1092763.0
1092763188667293.0,12.010902,2.718539,-0.334861,0.134326,0.379745,-0.692861,-0.598076,1092763.0
1092763221996043.0,12.041374,2.70502,-0.33559,0.134529,0.37958,-0.693647,-0.597222,1092763.0
1092763255191610.0,12.07239,2.692829,-0.33665,0.132425,0.379861,-0.693918,-0.597199,1092763.0
1092763288520360.0,12.104192,2.67959,-0.339655,0.129177,0.380447,-0.693823,-0.597648,1092763.0
1092763321849110.0,12.136422,2.666647,-0.343308,0.126044,0.381625,-0.693818,-0.597572,1092763.0
1092763355272018.0,12.164932,2.656304,-0.345171,0.124434,0.383211,-0.692667,-0.598229,1092763.0
1092763388600768.0,12.198094,2.643845,-0.348964,0.123545,0.38623,-0.692545,-0.596611,1092763.0
1092763421929518.0,12.23196,2.631445,-0.352299,0.122695,0.389692,-0.693119,-0.593862,1092763.0
1092763455217658.0,12.269544,2.61741,-0.355923,0.119583,0.391742,-0.693176,-0.593081,1092763.0
1092763488546408.0,12.304992,2.604816,-0.357301,0.116078,0.393009,-0.693024,-0.593117,1092763.0
1092763521875158.0,12.3406,2.592184,-0.356865,0.111997,0.394931,-0.692085,-0.593721,1092763.0
1092763555188777.0,12.373699,2.581581,-0.354735,0.10883,0.396581,-0.690017,-0.595614,1092763.0
1092763588517527.0,12.407414,2.569621,-0.351826,0.108843,0.400252,-0.689076,-0.594244,1092763.0
1092763621846277.0,12.440609,2.557503,-0.348787,0.106393,0.402795,-0.689558,-0.592408,1092763.0
1092763655253608.0,12.472819,2.545666,-0.345627,0.102375,0.401021,-0.689243,-0.59468,1092763.0
1092763688582358.0,12.504354,2.533561,-0.343076,0.102095,0.398977,-0.689612,-0.595676,1092763.0
1092763721911108.0,12.53507,2.521137,-0.340686,0.102515,0.399501,-0.691244,-0.593357,1092763.0
1092763755244910.0,12.559909,2.510449,-0.339034,0.101826,0.400531,-0.690691,-0.593424,1092763.0
1092763788573660.0,12.590344,2.496817,-0.338347,0.101205,0.403146,-0.689251,-0.593434,1092763.0
1092763821902410.0,12.620621,2.482641,-0.338666,0.101747,0.407218,-0.686356,-0.593916,1092763.0
1092763855223313.0,12.649998,2.468622,-0.340493,0.101528,0.408566,-0.682929,-0.596971,1092763.0
1092763888552063.0,12.681918,2.453727,-0.343864,0.100024,0.407078,-0.681708,-0.599631,1092763.0
1092763921880813.0,12.713904,2.43855,-0.347543,0.101348,0.405985,-0.681069,-0.600874,1092763.0
1092763955263983.0,12.74499,2.42359,-0.350894,0.105775,0.405947,-0.680647,-0.600615,1092763.0
1092763988592733.0,12.777836,2.407638,-0.353574,0.107971,0.404793,-0.683788,-0.597427,1092763.0
1092764021921483.0,12.810451,2.391038,-0.355073,0.110779,0.40314,-0.686253,-0.5952,1092764.0
1092764055140845.0,12.846394,2.372705,-0.354949,0.115069,0.402324,-0.686422,-0.594744,1092764.0
1092764088469595.0,12.879507,2.355174,-0.353331,0.111825,0.398248,-0.690889,-0.59293,1092764.0
1092764121798345.0,12.911739,2.337734,-0.350333,0.108732,0.393072,-0.692654,-0.594897,1092764.0
1092764155083869.0,12.940351,2.320665,-0.346343,0.115237,0.392887,-0.690555,-0.596233,1092764.0
1092764188412619.0,12.970293,2.304462,-0.34201,0.117057,0.395726,-0.692772,-0.59141,1092764.0
1092764221741369.0,13.001096,2.288373,-0.339185,0.114052,0.39547,-0.692926,-0.591988,1092764.0
1092764255007486.0,13.029613,2.272752,-0.338823,0.108798,0.39264,-0.692947,-0.594829,1092764.0
1092764288336236.0,13.059946,2.257928,-0.337644,0.103612,0.390437,-0.6952,-0.594576,1092764.0
1092764321664986.0,13.089241,2.243603,-0.336736,0.102794,0.38964,-0.695105,-0.59535,1092764.0
1092764355084728.0,13.122717,2.227259,-0.33878,0.104419,0.39004,-0.694178,-0.595888,1092764.0
1092764388413478.0,13.152426,2.213656,-0.339577,0.105616,0.390807,-0.694227,-0.595118,1092764.0
1092764421742228.0,13.183156,2.20022,-0.341521,0.105728,0.391566,-0.694599,-0.594163,1092764.0
1092764455066073.0,13.217937,2.185169,-0.344839,0.104095,0.39216,-0.694767,-0.593864,1092764.0
1092764488394823.0,13.250334,2.171962,-0.347543,0.104083,0.393565,-0.694165,-0.59364,1092764.0
1092764521723573.0,13.282897,2.158833,-0.349354,0.105517,0.397931,-0.694321,-0.590284,1092764.0
1092764555235769.0,13.314587,2.145197,-0.350948,0.107179,0.403888,-0.692163,-0.58847,1092764.0
1092764588564519.0,13.348438,2.131511,-0.351167,0.10658,0.408616,-0.689527,-0.58841,1092764.0
1092764621893269.0,13.383039,2.117943,-0.349925,0.104498,0.412155,-0.688135,-0.587945,1092764.0
1092764655109460.0,13.410431,2.105879,-0.348977,0.10104,0.414891,-0.688233,-0.586509,1092764.0
1092764688438210.0,13.444381,2.092595,-0.344557,0.100202,0.416964,-0.687254,-0.586329,1092764.0
1092764721766960.0,13.476764,2.079336,-0.339298,0.101559,0.420747,-0.686804,-0.583915,1092764.0
1092764755080247.0,13.500081,2.067218,-0.33586,0.100627,0.424391,-0.68793,-0.580102,1092764.0
1092764788408997.0,13.530538,2.052935,-0.331323,0.096852,0.426487,-0.687893,-0.579252,1092764.0
1092764821737747.0,13.560118,2.038486,-0.32762,0.093588,0.427316,-0.686245,-0.581129,1092764.0
1092764854950567.0,13.585573,2.026047,-0.327482,0.091808,0.428302,-0.686274,-0.580652,1092764.0
1092764888279317.0,13.614467,2.012313,-0.325977,0.090492,0.429428,-0.688409,-0.577492,1092764.0
1092764921608067.0,13.643659,1.998365,-0.326037,0.089416,0.429891,-0.689059,-0.576537,1092764.0
1092764954871740.0,13.676073,1.983541,-0.328568,0.088475,0.429133,-0.688485,-0.577932,1092764.0
1092764988200490.0,13.7068,1.9693,-0.331337,0.086648,0.426987,-0.689801,-0.578229,1092764.0
1092765021529240.0,13.737988,1.954935,-0.334806,0.085293,0.423259,-0.691801,-0.578782,1092765.0
1092765054966456.0,13.775811,1.93852,-0.339837,0.087233,0.419842,-0.692422,-0.580237,1092765.0
1092765088295206.0,13.806815,1.923842,-0.342658,0.091571,0.417848,-0.693269,-0.579996,1092765.0
1092765121623956.0,13.838126,1.908581,-0.3448,0.095024,0.41545,-0.694391,-0.579821,1092765.0
1092765154767079.0,13.866343,1.892706,-0.348234,0.097586,0.411859,-0.693848,-0.582601,1092765.0
1092765188095829.0,13.897686,1.876831,-0.347942,0.102689,0.408149,-0.692664,-0.585735,1092765.0
1092765221424579.0,13.929313,1.861484,-0.346027,0.106652,0.402568,-0.695164,-0.585928,1092765.0
1092765254666574.0,13.956921,1.846204,-0.346825,0.110078,0.395229,-0.699015,-0.58571,1092765.0
1092765287995324.0,13.986988,1.830412,-0.34178,0.115223,0.392576,-0.699521,-0.585899,1092765.0
1092765321324074.0,14.016188,1.814137,-0.335888,0.116351,0.394271,-0.700887,-0.582899,1092765.0
1092765354599281.0,14.040309,1.797483,-0.333773,0.113449,0.396362,-0.700214,-0.58286,1092765.0
1092765387928031.0,14.068596,1.780953,-0.32851,0.109203,0.397166,-0.69697,-0.586998,1092765.0
1092765421256781.0,14.09594,1.765268,-0.323719,0.108405,0.397564,-0.694221,-0.590126,1092765.0
1092765454440570.0,14.127346,1.746534,-0.32322,0.110792,0.399653,-0.693383,-0.589257,1092765.0
1092765487769320.0,14.154916,1.731538,-0.320944,0.112485,0.401647,-0.69378,-0.587108,1092765.0
1092765521098070.0,14.183488,1.716593,-0.320541,0.112274,0.402477,-0.694338,-0.585919,1092765.0
1092765554460142.0,14.231025,1.693744,-0.324344,0.110574,0.403592,-0.695652,-0.583914,1092765.0
1092765587788892.0,14.260857,1.678632,-0.326151,0.108823,0.405921,-0.69583,-0.582414,1092765.0
1092765621117642.0,14.291249,1.6634,-0.328405,0.106953,0.409265,-0.694372,-0.58216,1092765.0
1092765654504180.0,14.329342,1.643749,-0.33399,0.104059,0.412404,-0.693734,-0.581229,1092765.0
1092765687832930.0,14.36111,1.62891,-0.335775,0.101631,0.415363,-0.693851,-0.579409,1092765.0
1092765721161680.0,14.39305,1.614474,-0.336281,0.100031,0.418617,-0.695142,-0.575788,1092765.0
1092765754526960.0,14.423676,1.598548,-0.338212,0.099127,0.422293,-0.696621,-0.571456,1092765.0
1092765787855710.0,14.4558,1.584502,-0.335299,0.097379,0.42546,-0.696994,-0.568946,1092765.0
1092765821184460.0,14.488177,1.57056,-0.331805,0.093668,0.424167,-0.6962,-0.571502,1092765.0
1092765854638764.0,14.509888,1.559883,-0.331922,0.09154,0.423144,-0.695002,-0.574057,1092765.0
1092765887967514.0,14.540398,1.546525,-0.32736,0.088984,0.425889,-0.695831,-0.571419,1092765.0
1092765921296264.0,14.570518,1.533269,-0.32305,0.085486,0.428203,-0.695488,-0.570641,1092765.0
1092765954679595.0,14.595236,1.521371,-0.321529,0.081706,0.428479,-0.69443,-0.572274,1092765.0
1092765988008345.0,14.62492,1.509504,-0.318234,0.079068,0.427047,-0.696533,-0.571157,1092765.0
1092766021337095.0,14.65374,1.49785,-0.315435,0.078575,0.426866,-0.698977,-0.568368,1092766.0
1092766054756487.0,14.689506,1.482702,-0.317096,0.079112,0.427479,-0.698663,-0.568219,1092766.0
1092766088085237.0,14.719114,1.470224,-0.316774,0.079497,0.427013,-0.697642,-0.569769,1092766.0
1092766121413987.0,14.749865,1.457735,-0.317673,0.079558,0.425085,-0.698826,-0.569751,1092766.0
1092766154843553.0,14.798358,1.438619,-0.324244,0.07978,0.422934,-0.700496,-0.569269,1092766.0
1092766188172303.0,14.83066,1.424995,-0.326706,0.081086,0.421093,-0.701207,-0.569573,1092766.0
1092766221501053.0,14.863553,1.410869,-0.32916,0.084021,0.419505,-0.701815,-0.569572,1092766.0
1092766254883906.0,14.904875,1.391745,-0.336788,0.086833,0.418525,-0.703417,-0.567892,1092766.0
1092766288212656.0,14.939026,1.376139,-0.338043,0.089959,0.417596,-0.704121,-0.567216,1092766.0
1092766321541406.0,14.973442,1.36025,-0.338032,0.095804,0.416395,-0.701874,-0.56992,1092766.0
1092766354886268.0,15.00145,1.346501,-0.340949,0.100419,0.412758,-0.702175,-0.571399,1092766.0
1092766388215018.0,15.037893,1.331564,-0.337867,0.098366,0.406095,-0.708226,-0.569058,1092766.0
1092766421543768.0,15.072755,1.317367,-0.332976,0.103188,0.401542,-0.708178,-0.571489,1092766.0
1092766454828991.0,15.095076,1.306455,-0.332534,0.108628,0.399894,-0.708873,-0.570775,1092766.0
1092766488157741.0,15.128886,1.293602,-0.327229,0.110474,0.397322,-0.709375,-0.571592,1092766.0
1092766521486491.0,15.162462,1.281196,-0.322651,0.111352,0.394802,-0.707246,-0.575791,1092766.0
1092766554783561.0,15.193027,1.269398,-0.321169,0.110944,0.392845,-0.707073,-0.577419,1092766.0
1092766588112311.0,15.225629,1.258116,-0.317744,0.112531,0.391367,-0.706059,-0.579352,1092766.0
1092766621441061.0,15.257507,1.247139,-0.314848,0.11759,0.392201,-0.703539,-0.580848,1092766.0
1092766654797939.0,15.293091,1.234398,-0.314751,0.122237,0.394769,-0.702355,-0.57958,1092766.0
1092766688126689.0,15.325926,1.222918,-0.31422,0.123483,0.397299,-0.700869,-0.579386,1092766.0
1092766721455439.0,15.359311,1.211153,-0.314769,0.123449,0.399926,-0.698549,-0.580387,1092766.0
1092766754763755.0,15.396614,1.198396,-0.317119,0.125205,0.404152,-0.696685,-0.579322,1092766.0
1092766788092505.0,15.430384,1.186777,-0.317878,0.127168,0.41057,-0.695856,-0.575365,1092766.0
1092766821421255.0,15.464681,1.175044,-0.318408,0.12809,0.416846,-0.694748,-0.571977,1092766.0
1092766854690394.0,15.502232,1.162142,-0.31974,0.126693,0.421378,-0.693908,-0.569983,1092766.0
1092766888019144.0,15.537301,1.150383,-0.318386,0.123376,0.425584,-0.69373,-0.567799,1092766.0
1092766921347894.0,15.572383,1.13828,-0.315752,0.1155,0.427662,-0.69367,-0.567967,1092766.0
1092766954416595.0,15.604545,1.128656,-0.313737,0.111824,0.42875,-0.690294,-0.571982,1092766.0
1092766987745345.0,15.636692,1.116905,-0.308884,0.110795,0.43341,-0.689099,-0.570107,1092766.0
1092767021074095.0,15.668376,1.104844,-0.304409,0.107511,0.437239,-0.690419,-0.566203,1092767.0
1092767054508895.0,15.700533,1.093747,-0.304075,0.102629,0.437425,-0.68995,-0.567534,1092767.0
1092767087837645.0,15.731796,1.081105,-0.302277,0.097507,0.436075,-0.689909,-0.569523,1092767.0
1092767121166395.0,15.762229,1.068545,-0.301162,0.093654,0.436447,-0.691868,-0.567505,1092767.0
1092767154607636.0,15.793034,1.055937,-0.301793,0.092061,0.437909,-0.692921,-0.565351,1092767.0
1092767187936386.0,15.823198,1.043087,-0.302779,0.092388,0.438882,-0.692502,-0.565056,1092767.0
1092767221265136.0,15.854368,1.03014,-0.305188,0.092873,0.43794,-0.691911,-0.566429,1092767.0
1092767254494891.0,15.888929,1.015605,-0.309629,0.091822,0.434623,-0.692705,-0.568183,1092767.0
1092767287823641.0,15.922312,1.002051,-0.314125,0.092505,0.430188,-0.692987,-0.571096,1092767.0
1092767321152391.0,15.956241,0.988295,-0.318346,0.096182,0.425746,-0.693752,-0.572886,1092767.0
1092767354419154.0,15.99163,0.973338,-0.32291,0.101556,0.422923,-0.695753,-0.571621,1092767.0
1092767387747904.0,16.026003,0.958212,-0.325394,0.106693,0.420566,-0.696856,-0.57108,1092767.0
1092767421076654.0,16.060482,0.942594,-0.326712,0.113139,0.41719,-0.694975,-0.574597,1092767.0
1092767454401667.0,16.092348,0.928223,-0.329112,0.12039,0.412459,-0.693087,-0.578804,1092767.0
1092767487730417.0,16.128616,0.913131,-0.327576,0.121079,0.405248,-0.69853,-0.577208,1092767.0
1092767521059167.0,16.163702,0.89798,-0.324666,0.124889,0.399475,-0.700809,-0.577659,1092767.0
1092767554436305.0,16.190952,0.884771,-0.32367,0.130309,0.397916,-0.701355,-0.576873,1092767.0
1092767587765055.0,16.224312,0.869443,-0.320933,0.129561,0.395644,-0.702868,-0.576764,1092767.0
1092767621093805.0,16.257565,0.853927,-0.319194,0.124977,0.392415,-0.701609,-0.581495,1092767.0
1092767654489077.0,16.28812,0.839581,-0.318123,0.120112,0.389778,-0.700346,-0.5858,1092767.0
1092767687817827.0,16.319542,0.824923,-0.317126,0.119063,0.389048,-0.698646,-0.588523,1092767.0
1092767721146577.0,16.350536,0.81039,-0.316746,0.120963,0.390711,-0.695423,-0.590846,1092767.0
1092767754501374.0,16.384937,0.795459,-0.317534,0.122442,0.392025,-0.693509,-0.59192,1092767.0
1092767787830124.0,16.417547,0.781089,-0.319637,0.12242,0.393325,-0.693503,-0.591069,1092767.0
1092767821158874.0,16.450842,0.766518,-0.322733,0.121453,0.395352,-0.692399,-0.591211,1092767.0
1092767854489674.0,16.483873,0.753017,-0.32658,0.120817,0.397589,-0.690889,-0.591607,1092767.0
1092767887818424.0,16.518404,0.738827,-0.330035,0.121012,0.401295,-0.690808,-0.589154,1092767.0
1092767921147174.0,16.553602,0.724508,-0.332911,0.120967,0.406348,-0.690744,-0.585766,1092767.0
1092767954354119.0,16.589514,0.711847,-0.334455,0.119275,0.410165,-0.690105,-0.584203,1092767.0
1092767987682869.0,16.626026,0.697668,-0.335057,0.117519,0.41343,-0.689512,-0.582956,1092767.0
1092768021011619.0,16.662973,0.683757,-0.333851,0.114517,0.415591,-0.689479,-0.582055,1092768.0
1092768054520436.0,16.698004,0.671609,-0.330434,0.112117,0.416118,-0.68911,-0.582583,1092768.0
1092768087849186.0,16.732948,0.658233,-0.326739,0.113184,0.419257,-0.689765,-0.579342,1092768.0
1092768121177936.0,16.766905,0.644263,-0.323087,0.112666,0.422943,-0.690861,-0.575445,1092768.0
1092768154555011.0,16.79822,0.630682,-0.31945,0.107935,0.423906,-0.689495,-0.577278,1092768.0
1092768187883761.0,16.831316,0.615502,-0.317966,0.103077,0.423462,-0.687735,-0.580582,1092768.0
1092768221212511.0,16.863871,0.600746,-0.317112,0.099738,0.423469,-0.688583,-0.580155,1092768.0
1092768254551591.0,16.88987,0.589358,-0.315601,0.098631,0.424901,-0.689175,-0.578592,1092768.0
1092768287880341.0,16.922293,0.574945,-0.316514,0.099101,0.426257,-0.688766,-0.578002,1092768.0
1092768321209091.0,16.955326,0.560434,-0.318837,0.100465,0.427121,-0.687118,-0.579089,1092768.0
1092768354495113.0,16.983643,0.548017,-0.321046,0.100763,0.426289,-0.685974,-0.581003,1092768.0
1092768387823863.0,17.018703,0.533368,-0.326211,0.099685,0.422927,-0.686854,-0.582604,1092768.0
1092768421152613.0,17.05397,0.518531,-0.331791,0.10114,0.419086,-0.686636,-0.58538,1092768.0
1092768454458070.0,17.086704,0.504455,-0.335737,0.106808,0.416649,-0.6861,-0.586738,1092768.0
1092768487786820.0,17.122562,0.489304,-0.340155,0.11067,0.414625,-0.688321,-0.584853,1092768.0
1092768521115570.0,17.159065,0.473454,-0.343837,0.112882,0.411483,-0.688631,-0.586282,1092768.0
1092768554281608.0,17.195168,0.456952,-0.34485,0.114274,0.407561,-0.688394,-0.589023,1092768.0
1092768587610358.0,17.23275,0.440815,-0.345681,0.11019,0.401145,-0.692639,-0.58923,1092768.0
1092768620939108.0,17.269213,0.424947,-0.344901,0.110644,0.395227,-0.692004,-0.593872,1092768.0
1092768654100432.0,17.312401,0.407703,-0.339928,0.116644,0.393155,-0.691586,-0.594585,1092768.0
1092768687429182.0,17.348185,0.393764,-0.337762,0.120414,0.391521,-0.694395,-0.591631,1092768.0
1092768720757932.0,17.38493,0.380085,-0.3367,0.120402,0.38746,-0.694903,-0.593708,1092768.0
1092768753970887.0,17.424358,0.365076,-0.334093,0.117111,0.381769,-0.696591,-0.596069,1092768.0
1092768787299637.0,17.460724,0.35311,-0.334209,0.115789,0.375967,-0.698542,-0.59773,1092768.0
1092768820628387.0,17.496313,0.342014,-0.334714,0.118811,0.37153,-0.697216,-0.601448,1092768.0
1092768853908907.0,17.520588,0.336144,-0.331254,0.122936,0.368571,-0.696397,-0.603385,1092768.0
1092768887237657.0,17.556803,0.326221,-0.3334,0.124491,0.366093,-0.697558,-0.603235,1092768.0
1092768920566407.0,17.593699,0.316245,-0.336799,0.124202,0.363015,-0.696884,-0.605926,1092768.0
1092768953995318.0,17.607094,0.317692,-0.336348,0.123268,0.359272,-0.692431,-0.613407,1092768.0
1092768987324068.0,17.644653,0.30742,-0.341274,0.120787,0.356353,-0.686608,-0.622087,1092768.0
1092769020652818.0,17.682188,0.297262,-0.345445,0.118103,0.3585,-0.685067,-0.623067,1092769.0
1092769053925553.0,17.709738,0.29212,-0.343622,0.116161,0.364785,-0.687698,-0.616855,1092769.0
1092769087254303.0,17.747183,0.282414,-0.345321,0.115422,0.369267,-0.687889,-0.614107,1092769.0
1092769120583053.0,17.785393,0.272355,-0.345779,0.110501,0.371529,-0.686684,-0.614996,1092769.0
1092769153679375.0,17.817289,0.267136,-0.34153,0.105103,0.37257,-0.684673,-0.61755,1092769.0
1092769187008125.0,17.853519,0.258177,-0.339327,0.106462,0.37674,-0.683907,-0.615632,1092769.0
1092769220336875.0,17.888878,0.249591,-0.336914,0.106724,0.382449,-0.689093,-0.606213,1092769.0
1092769253857256.0,17.923136,0.238524,-0.33298,0.103283,0.383576,-0.693421,-0.601139,1092769.0
1092769287186006.0,17.958076,0.229162,-0.332994,0.100333,0.38012,-0.693045,-0.60426,1092769.0
1092769320514756.0,17.99201,0.219643,-0.333467,0.098019,0.378498,-0.693985,-0.604579,1092769.0
1092769353728695.0,18.023254,0.210008,-0.331232,0.096131,0.379551,-0.695976,-0.601928,1092769.0
1092769387057445.0,18.056232,0.200186,-0.332566,0.09771,0.381083,-0.694546,-0.602357,1092769.0
1092769420386195.0,18.089664,0.190286,-0.334888,0.100361,0.382957,-0.692237,-0.60339,1092769.0
1092769453923702.0,18.121359,0.182982,-0.33716,0.10058,0.382707,-0.691989,-0.603796,1092769.0
1092769487252452.0,18.156965,0.172797,-0.341633,0.100638,0.379858,-0.692678,-0.604795,1092769.0
1092769520581202.0,18.192841,0.162593,-0.346174,0.105052,0.377259,-0.692041,-0.606398,1092769.0
1092769553845466.0,18.222544,0.153545,-0.349375,0.111825,0.375835,-0.693894,-0.603949,1092769.0
1092769587174216.0,18.259209,0.143275,-0.352929,0.118657,0.37397,-0.697458,-0.599683,1092769.0
1092769620502966.0,18.29603,0.13253,-0.355686,0.125976,0.371644,-0.699212,-0.597589,1092769.0
1092769653846325.0,18.340763,0.12064,-0.353542,0.135074,0.369712,-0.697764,-0.598492,1092769.0
1092769687175075.0,18.37858,0.110028,-0.353806,0.14054,0.366946,-0.697843,-0.598844,1092769.0
1092769720503825.0,18.417154,0.100163,-0.353376,0.140736,0.359125,-0.702188,-0.59846,1092769.0
1092769753708358.0,18.46032,0.088914,-0.349864,0.148255,0.352986,-0.701619,-0.600959,1092769.0
1092769787037108.0,18.496668,0.080195,-0.347763,0.154,0.351251,-0.702549,-0.599443,1092769.0
1092769820365858.0,18.533545,0.072006,-0.346315,0.154763,0.347055,-0.70364,-0.60041,1092769.0
1092769853753662.0,18.570644,0.065606,-0.341879,0.154807,0.342706,-0.702719,-0.603964,1092769.0
1092769887082412.0,18.606283,0.059303,-0.340732,0.157475,0.339474,-0.701629,-0.606363,1092769.0
1092769920411162.0,18.641464,0.053938,-0.340194,0.163548,0.336993,-0.700444,-0.607508,1092769.0
1092769953687232.0,18.660519,0.05268,-0.337212,0.169446,0.335021,-0.69992,-0.607586,1092769.0
1092769987015982.0,18.697119,0.048309,-0.339307,0.172902,0.331992,-0.699843,-0.608364,1092769.0
1092770020344732.0,18.734514,0.04448,-0.342439,0.174913,0.329243,-0.700111,-0.608974,1092770.0
1092770053673482.0,18.755739,0.046047,-0.343385,0.177905,0.327893,-0.699433,-0.609614,1092770.0
1092770086947479.0,18.793114,0.04319,-0.346652,0.181476,0.328145,-0.696584,-0.611684,1092770.0
1092770120276229.0,18.831009,0.040767,-0.349614,0.183158,0.329174,-0.695543,-0.611815,1092770.0
1092770153534376.0,18.83499,0.048829,-0.348266,0.186071,0.331047,-0.693312,-0.612457,1092770.0
1092770186863126.0,18.87212,0.047751,-0.349393,0.191261,0.332296,-0.688375,-0.615742,1092770.0
1092770220191876.0,18.909933,0.047886,-0.349163,0.196823,0.332074,-0.684828,-0.61806,1092770.0
1092770253602769.0,18.921032,0.05761,-0.34486,0.199851,0.332859,-0.685208,-0.616243,1092770.0
1092770286931519.0,18.958931,0.059812,-0.34259,0.203282,0.331196,-0.683785,-0.617595,1092770.0
1092770320260269.0,18.996376,0.062803,-0.340061,0.2081,0.328723,-0.682103,-0.61917,1092770.0
1092770353649107.0,19.002504,0.076327,-0.335403,0.211375,0.325168,-0.68201,-0.620039,1092770.0
1092770386977857.0,19.038349,0.080554,-0.333545,0.215191,0.318598,-0.680493,-0.623793,1092770.0
1092770420306607.0,19.073326,0.085308,-0.332214,0.221025,0.31226,-0.678545,-0.627071,1092770.0
1092770453752283.0,19.07235,0.099725,-0.330214,0.227169,0.305799,-0.678041,-0.628603,1092770.0
1092770487081033.0,19.106606,0.105848,-0.330845,0.233555,0.298552,-0.676406,-0.631502,1092770.0
1092770520409783.0,19.140785,0.112633,-0.332335,0.240835,0.292532,-0.67386,-0.6343,1092770.0
1092770553674757.0,19.145681,0.125295,-0.33196,0.247627,0.285704,-0.671216,-0.637592,1092770.0
1092770587003507.0,19.180536,0.133937,-0.335381,0.253845,0.275626,-0.668009,-0.642929,1092770.0
1092770620332257.0,19.215176,0.143576,-0.339026,0.262748,0.265918,-0.66562,-0.645911,1092770.0
1092770653912525.0,19.227308,0.157428,-0.34096,0.274467,0.25774,-0.66283,-0.64722,1092770.0
1092770687241275.0,19.261744,0.167853,-0.344823,0.284503,0.248752,-0.660454,-0.64883,1092770.0
1092770720570025.0,19.296162,0.178737,-0.348605,0.294617,0.239163,-0.659591,-0.6488,1092770.0
1092770753572985.0,19.312687,0.191483,-0.346292,0.307391,0.231748,-0.657598,-0.647587,1092770.0
1092770786901735.0,19.346556,0.202616,-0.348653,0.319375,0.224469,-0.65433,-0.647662,1092770.0
1092770820230485.0,19.381933,0.214745,-0.350559,0.326044,0.213268,-0.653124,-0.649339,1092770.0
1092770853524845.0,19.419928,0.228148,-0.34803,0.328022,0.198195,-0.656428,-0.649787,1092770.0
1092770886853595.0,19.453339,0.241065,-0.347161,0.336677,0.187519,-0.652808,-0.652171,1092770.0
1092770920182345.0,19.485735,0.254709,-0.345685,0.345941,0.17972,-0.649756,-0.652566,1092770.0
1092770953354361.0,19.513462,0.271126,-0.342568,0.353449,0.168889,-0.64807,-0.653112,1092770.0
1092770986683111.0,19.544863,0.286783,-0.341156,0.360313,0.160105,-0.644387,-0.655214,1092770.0
1092771020011861.0,19.575485,0.303164,-0.340184,0.36563,0.150506,-0.639962,-0.658871,1092771.0
1092771053330530.0,19.599695,0.321102,-0.338151,0.372171,0.139426,-0.633652,-0.663727,1092771.0
1092771086659280.0,19.628393,0.339406,-0.338364,0.380093,0.130086,-0.628887,-0.665664,1092771.0
1092771119988030.0,19.656509,0.358579,-0.339333,0.388005,0.120784,-0.623322,-0.668081,1092771.0
1092771153466767.0,19.676296,0.377335,-0.338454,0.396179,0.111241,-0.617014,-0.670792,1092771.0
1092771186795517.0,19.70344,0.398295,-0.340668,0.404073,0.102988,-0.611801,-0.672174,1092771.0
1092771220124267.0,19.730154,0.419545,-0.343011,0.412458,0.097128,-0.604957,-0.674145,1092771.0
1092771253421873.0,19.751196,0.44462,-0.341691,0.42058,0.093493,-0.596996,-0.676733,1092771.0
1092771286750623.0,19.778502,0.467366,-0.344334,0.426776,0.089859,-0.590928,-0.678669,1092771.0
1092771320079373.0,19.806129,0.491209,-0.346679,0.431403,0.085336,-0.586799,-0.679909,1092771.0
1092771353477504.0,19.833261,0.517667,-0.34624,0.437498,0.082493,-0.58256,-0.68001,1092771.0
1092771386806254.0,19.860531,0.542313,-0.345274,0.441185,0.08141,-0.578667,-0.681082,1092771.0
1092771420135004.0,19.88793,0.56722,-0.343683,0.439854,0.07348,-0.573291,-0.687362,1092771.0
1092771453482230.0,19.911449,0.591713,-0.338657,0.443273,0.065743,-0.566283,-0.691745,1092771.0
1092771486810980.0,19.936144,0.616208,-0.335328,0.448586,0.064225,-0.564471,-0.689941,1092771.0
1092771520139730.0,19.960892,0.640177,-0.332344,0.450027,0.059743,-0.562529,-0.690991,1092771.0
1092771553486572.0,19.983774,0.665989,-0.328775,0.45205,0.051323,-0.556367,-0.695322,1092771.0
1092771586815322.0,20.006445,0.689472,-0.32664,0.457626,0.046308,-0.551769,-0.69569,1092771.0
1092771620144072.0,20.0292,0.712938,-0.325739,0.461693,0.041738,-0.547862,-0.69638,1092771.0
1092771653575751.0,20.050179,0.737256,-0.326449,0.463512,0.033982,-0.542606,-0.6997,1092771.0
1092771686904501.0,20.073242,0.761564,-0.328307,0.465818,0.02544,-0.537385,-0.702555,1092771.0
1092771720233251.0,20.096167,0.786486,-0.33106,0.469657,0.018137,-0.5339,-0.702883,1092771.0
1092771753417358.0,20.1129,0.815718,-0.335692,0.473623,0.010323,-0.531041,-0.702545,1092771.0
1092771786746108.0,20.136488,0.841082,-0.339726,0.477948,0.002117,-0.526858,-0.702839,1092771.0
1092771820074858.0,20.160358,0.866361,-0.343533,0.483933,-0.003594,-0.521915,-0.702425,1092771.0
1092771853430207.0,20.178543,0.893216,-0.347776,0.489431,-0.007027,-0.51841,-0.701184,1092771.0
1092771886758957.0,20.204113,0.918701,-0.350487,0.493782,-0.011394,-0.514551,-0.700918,1092771.0
1092771920087707.0,20.229912,0.943965,-0.352075,0.498801,-0.016053,-0.50908,-0.701269,1092771.0
1092771953454694.0,20.251022,0.971163,-0.352738,0.506366,-0.021654,-0.500625,-0.701783,1092771.0
1092771986783444.0,20.276634,0.997898,-0.351962,0.512752,-0.028497,-0.498119,-0.698678,1092771.0
1092772020112194.0,20.302105,1.024996,-0.350999,0.516316,-0.039293,-0.497875,-0.695697,1092772.0
1092772053513592.0,20.311352,1.050726,-0.351024,0.52253,-0.04778,-0.492714,-0.694199,1092772.0
1092772086842342.0,20.335014,1.076248,-0.349506,0.528071,-0.050615,-0.490834,-0.691131,1092772.0
1092772120171092.0,20.358809,1.102366,-0.348866,0.527852,-0.057303,-0.490159,-0.691255,1092772.0
1092772153411448.0,20.379755,1.129606,-0.347442,0.526522,-0.065286,-0.490051,-0.691638,1092772.0
1092772186740198.0,20.402477,1.155439,-0.347254,0.525405,-0.070048,-0.492302,-0.690421,1092772.0
1092772220068948.0,20.425013,1.180628,-0.347474,0.524136,-0.076358,-0.489863,-0.692449,1092772.0
1092772253480160.0,20.447222,1.204665,-0.347697,0.525234,-0.080843,-0.485285,-0.694328,1092772.0
1092772286808910.0,20.468775,1.230722,-0.349905,0.528246,-0.082653,-0.484086,-0.692666,1092772.0
1092772320137660.0,20.490566,1.257793,-0.35341,0.529331,-0.085351,-0.484242,-0.6914,1092772.0
1092772353442563.0,20.501915,1.283087,-0.356741,0.528246,-0.090183,-0.481925,-0.693232,1092772.0
1092772386771313.0,20.523659,1.312504,-0.361248,0.526321,-0.098694,-0.478429,-0.695953,1092772.0
1092772420100063.0,20.544842,1.342783,-0.364426,0.52689,-0.102887,-0.47608,-0.696527,1092772.0
1092772453421353.0,20.569344,1.37366,-0.362458,0.532739,-0.096426,-0.471371,-0.696205,1092772.0
1092772486750103.0,20.589487,1.403586,-0.36232,0.538559,-0.090479,-0.46641,-0.695866,1092772.0
1092772520078853.0,20.609858,1.434368,-0.361842,0.542145,-0.090851,-0.463163,-0.695202,1092772.0
1092772553315255.0,20.630957,1.464673,-0.359537,0.543348,-0.091892,-0.459496,-0.696558,1092772.0
1092772586644005.0,20.652433,1.49579,-0.357891,0.539857,-0.096514,-0.45956,-0.698601,1092772.0
1092772619972755.0,20.673365,1.526189,-0.355768,0.539024,-0.103815,-0.456176,-0.700413,1092772.0
1092772653264755.0,20.697824,1.555268,-0.351895,0.542796,-0.101699,-0.454782,-0.698715,1092772.0
1092772686593505.0,20.719357,1.583402,-0.349313,0.543748,-0.097402,-0.458184,-0.696361,1092772.0
1092772719922255.0,20.741615,1.610963,-0.347668,0.540457,-0.098877,-0.460387,-0.697262,1092772.0
1092772753189194.0,20.762403,1.634657,-0.345406,0.536507,-0.101677,-0.461628,-0.699086,1092772.0
1092772786517944.0,20.784683,1.660447,-0.344681,0.534639,-0.099438,-0.463472,-0.699619,1092772.0
1092772819846694.0,20.807297,1.686026,-0.344778,0.532813,-0.09714,-0.463515,-0.701305,1092772.0
1092772853020294.0,20.822435,1.709213,-0.343493,0.530848,-0.096325,-0.462238,-0.703746,1092772.0
1092772886349044.0,20.845388,1.735677,-0.345542,0.529736,-0.095241,-0.462987,-0.704238,1092772.0
1092772919677794.0,20.86853,1.762688,-0.348301,0.529363,-0.095515,-0.464064,-0.703773,1092772.0
1092772953074943.0,20.876675,1.782325,-0.348959,0.530423,-0.096275,-0.462033,-0.704208,1092772.0
1092772986403693.0,20.900255,1.809649,-0.351371,0.533803,-0.095266,-0.459843,-0.703223,1092772.0
1092773019732443.0,20.924074,1.837739,-0.353338,0.538426,-0.093457,-0.459362,-0.70025,1092773.0
1092773052946476.0,20.934841,1.859223,-0.352628,0.543441,-0.093004,-0.458853,-0.696761,1092773.0
1092773086275226.0,20.95863,1.888064,-0.352715,0.548617,-0.095181,-0.455646,-0.694511,1092773.0
1092773119603976.0,20.981852,1.918041,-0.351619,0.554847,-0.101026,-0.450454,-0.69212,1092773.0
1092773152958820.0,21.003944,1.949299,-0.347848,0.560511,-0.105825,-0.452301,-0.685604,1092773.0
1092773186287570.0,21.025682,1.979819,-0.344599,0.565999,-0.110283,-0.45225,-0.680406,1092773.0
1092773219616320.0,21.046165,2.009438,-0.341106,0.572043,-0.112813,-0.449062,-0.67704,1092773.0
1092773252904463.0,21.065464,2.040058,-0.336664,0.576371,-0.112339,-0.45001,-0.672806,1092773.0
1092773286233213.0,21.085045,2.070485,-0.334366,0.575728,-0.114607,-0.452031,-0.671618,1092773.0
1092773319500945.0,21.101469,2.100574,-0.331518,0.573316,-0.119392,-0.45064,-0.673779,1092773.0
1092773352829695.0,21.120499,2.130369,-0.330866,0.571369,-0.1231,-0.448048,-0.676489,1092773.0
1092773386158445.0,21.139482,2.160589,-0.331553,0.569551,-0.126276,-0.446902,-0.678192,1092773.0
1092773419487195.0,21.158157,2.191206,-0.333235,0.569451,-0.12737,-0.446759,-0.678166,1092773.0
1092773452819433.0,21.171644,2.218974,-0.334296,0.570239,-0.126017,-0.447545,-0.677237,1092773.0
1092773486148183.0,21.190437,2.250353,-0.337012,0.568793,-0.124637,-0.448709,-0.677939,1092773.0
1092773519476933.0,21.209522,2.281889,-0.33992,0.566127,-0.122908,-0.448051,-0.680914,1092773.0
1092773552937089.0,21.217802,2.303538,-0.34352,0.564595,-0.117638,-0.445772,-0.684603,1092773.0
1092773586265839.0,21.236532,2.335425,-0.346025,0.562793,-0.11052,-0.444977,-0.687783,1092773.0
1092773619594589.0,21.254774,2.368495,-0.348282,0.560162,-0.106371,-0.446149,-0.689822,1092773.0
1092773653058422.0,21.271151,2.401278,-0.349373,0.559663,-0.103226,-0.446533,-0.690457,1092773.0
1092773691387172.0,21.289976,2.440647,-0.348389,0.557661,-0.101597,-0.450697,-0.689612,1092773.0
1092773724715922.0,21.305803,2.474425,-0.346663,0.555578,-0.104648,-0.452098,-0.68992,1092773.0
1092773758252565.0,21.319078,2.506218,-0.343127,0.555634,-0.10297,-0.45416,-0.688772,1092773.0
1092773791581315.0,21.33465,2.538814,-0.3403,0.553008,-0.103801,-0.458417,-0.68794,1092773.0
1092773824910065.0,21.350382,2.570611,-0.337564,0.548525,-0.108362,-0.460913,-0.689157,1092773.0
1092773858406551.0,21.36091,2.597584,-0.33781,0.547118,-0.11025,-0.461353,-0.689682,1092773.0
1092773891735301.0,21.37606,2.627325,-0.335823,0.547014,-0.1095,-0.462408,-0.689177,1092773.0
1092773925064051.0,21.391373,2.656618,-0.334923,0.547187,-0.109161,-0.460233,-0.690548,1092773.0
1092773958457071.0,21.407316,2.686488,-0.33283,0.548411,-0.107851,-0.457179,-0.69181,1092773.0
1092773991785821.0,21.423008,2.716715,-0.334687,0.5497,-0.107115,-0.456049,-0.691647,1092773.0
1092774025114571.0,21.439186,2.747624,-0.337847,0.550035,-0.109079,-0.455319,-0.691555,1092774.0
1092774058547164.0,21.456905,2.783875,-0.340598,0.551249,-0.112875,-0.452065,-0.692113,1092774.0
1092774091875914.0,21.473515,2.815338,-0.344448,0.55469,-0.114761,-0.448563,-0.691332,1092774.0
1092774125204664.0,21.490519,2.847135,-0.347978,0.559517,-0.115467,-0.445389,-0.689374,1092774.0
1092774158669850.0,21.509703,2.882838,-0.350225,0.564044,-0.116124,-0.441583,-0.688022,1092774.0
1092774191998600.0,21.527964,2.91509,-0.351815,0.566827,-0.118304,-0.438074,-0.687607,1092774.0
1092774225327350.0,21.546356,2.94773,-0.351781,0.569107,-0.122854,-0.433168,-0.688033,1092774.0
1092774258666022.0,21.56673,2.983804,-0.34863,0.570241,-0.12654,-0.435789,-0.684763,1092774.0
1092774291994772.0,21.584827,3.016327,-0.345508,0.572943,-0.132564,-0.433416,-0.682871,1092774.0
1092774325323522.0,21.603069,3.047398,-0.3412,0.576948,-0.130899,-0.428519,-0.682912,1092774.0
1092774358699474.0,21.616596,3.072116,-0.337241,0.576798,-0.128183,-0.430961,-0.682016,1092774.0
1092774392028224.0,21.635202,3.104194,-0.334397,0.571424,-0.132094,-0.433661,-0.684079,1092774.0
1092774425356974.0,21.652843,3.135699,-0.331655,0.566491,-0.133409,-0.437688,-0.685361,1092774.0
1092774458731394.0,21.673746,3.169352,-0.329657,0.565032,-0.13227,-0.439132,-0.685862,1092774.0
1092774492060144.0,21.689461,3.19941,-0.327871,0.565585,-0.132669,-0.435711,-0.687509,1092774.0
1092774525388894.0,21.704792,3.229862,-0.327483,0.567349,-0.1307,-0.434137,-0.687428,1092774.0
1092774558622313.0,21.721928,3.265992,-0.328014,0.568406,-0.128467,-0.43441,-0.686803,1092774.0
1092774591951063.0,21.737488,3.298481,-0.331059,0.566741,-0.127878,-0.43583,-0.687389,1092774.0
1092774625279813.0,21.753014,3.331542,-0.334968,0.563629,-0.128191,-0.437731,-0.68868,1092774.0
1092774658590679.0,21.767485,3.365323,-0.337791,0.562511,-0.125063,-0.437076,-0.690583,1092774.0
1092774691919429.0,21.782288,3.397447,-0.340103,0.563092,-0.117115,-0.434534,-0.693103,1092774.0
1092774725248179.0,21.796921,3.430143,-0.341701,0.56293,-0.110702,-0.433643,-0.694845,1092774.0
1092774758537117.0,21.814571,3.468426,-0.339841,0.560294,-0.108547,-0.434218,-0.696953,1092774.0
1092774791865867.0,21.829359,3.502507,-0.338947,0.555588,-0.107715,-0.437362,-0.69888,1092774.0
1092774825194617.0,21.843782,3.536341,-0.337086,0.550952,-0.11135,-0.438738,-0.701115,1092774.0
1092774858491053.0,21.85689,3.570851,-0.334263,0.551068,-0.111325,-0.437931,-0.701532,1092774.0
1092774891819803.0,21.870897,3.602983,-0.330459,0.551909,-0.105994,-0.440963,-0.699795,1092774.0
1092774925148553.0,21.885942,3.634734,-0.327063,0.547787,-0.104763,-0.443942,-0.701334,1092774.0
1092774958592851.0,21.904112,3.66871,-0.323788,0.542683,-0.106943,-0.444631,-0.70453,1092774.0
1092774991921601.0,21.918913,3.699563,-0.322196,0.540703,-0.106889,-0.447148,-0.704467,1092774.0
1092775025250351.0,21.933628,3.730402,-0.321601,0.539955,-0.106371,-0.449789,-0.703437,1092775.0
1092775058616441.0,21.948521,3.760887,-0.321179,0.539656,-0.106614,-0.448816,-0.70425,1092775.0
1092775091945191.0,21.963396,3.791725,-0.322537,0.54025,-0.106916,-0.446375,-0.705301,1092775.0
1092775125273941.0,21.978693,3.823178,-0.325016,0.540606,-0.106895,-0.446835,-0.704739,1092775.0
1092775158625353.0,21.998571,3.862754,-0.329158,0.540409,-0.108392,-0.445438,-0.705546,1092775.0
1092775191954103.0,22.015011,3.894486,-0.332462,0.540634,-0.111178,-0.440677,-0.707925,1092775.0
1092775225282853.0,22.031487,3.926737,-0.335618,0.54375,-0.112927,-0.436292,-0.707978,1092775.0
1092775258542621.0,22.046894,3.956073,-0.337582,0.549501,-0.112506,-0.434668,-0.704595,1092775.0
1092775291871371.0,22.06435,3.988703,-0.339092,0.554505,-0.112978,-0.432101,-0.702174,1092775.0
1092775325200121.0,22.082485,4.021372,-0.339331,0.557442,-0.116708,-0.426856,-0.702447,1092775.0
1092775358555973.0,22.096039,4.045747,-0.339099,0.559331,-0.122319,-0.425947,-0.70054,1092775.0
1092775391884723.0,22.113398,4.079617,-0.336011,0.563697,-0.127442,-0.429161,-0.694137,1092775.0
1092775425213473.0,22.130985,4.111594,-0.331084,0.56905,-0.129222,-0.423934,-0.69265,1092775.0
1092775458449350.0,22.143335,4.132107,-0.326891,0.571596,-0.127294,-0.420089,-0.693253,1092775.0
1092775491778100.0,22.161583,4.164083,-0.322717,0.570494,-0.128526,-0.419852,-0.694076,1092775.0
1092775525106850.0,22.179337,4.19632,-0.319556,0.567927,-0.130804,-0.422431,-0.694191,1092775.0
1092775558320119.0,22.192999,4.22796,-0.31652,0.565886,-0.132528,-0.42698,-0.692746,1092775.0
1092775591648869.0,22.209736,4.25844,-0.314409,0.564571,-0.135944,-0.426395,-0.693517,1092775.0
1092775624970587.0,22.223923,4.287626,-0.311541,0.564119,-0.137325,-0.422701,-0.69587,1092775.0
1092775658299337.0,22.240311,4.317513,-0.311222,0.564616,-0.135699,-0.421643,-0.696428,1092775.0
1092775691628087.0,22.256861,4.348168,-0.312319,0.56407,-0.134782,-0.42204,-0.696808,1092775.0
1092775724956837.0,22.27371,4.379239,-0.314552,0.561417,-0.134683,-0.422017,-0.69898,1092775.0
1092775758390802.0,22.288767,4.409168,-0.316566,0.559585,-0.133016,-0.422258,-0.700621,1092775.0
1092775791719552.0,22.305044,4.4404,-0.318644,0.560777,-0.127555,-0.423007,-0.700231,1092775.0
1092775825048302.0,22.321634,4.471241,-0.320068,0.561332,-0.12085,-0.420872,-0.702259,1092775.0
1092775858398212.0,22.342522,4.509755,-0.32187,0.560669,-0.115345,-0.420883,-0.703707,1092775.0
1092775891726962.0,22.358973,4.542198,-0.321841,0.561228,-0.110245,-0.423834,-0.702306,1092775.0
1092775925055712.0,22.375477,4.574805,-0.320418,0.559806,-0.106136,-0.42746,-0.701877,1092775.0
1092775958615429.0,22.392214,4.606279,-0.31726,0.55675,-0.106369,-0.429191,-0.703214,1092775.0
1092775991944179.0,22.40786,4.63732,-0.31464,0.556778,-0.105033,-0.429782,-0.703032,1092775.0
1092776025272929.0,22.423769,4.667959,-0.311989,0.554749,-0.103065,-0.434215,-0.702202,1092776.0
1092776058449859.0,22.439968,4.698904,-0.311028,0.54969,-0.105345,-0.438208,-0.703361,1092776.0
1092776091778609.0,22.455711,4.728616,-0.309301,0.545856,-0.109818,-0.440306,-0.704352,1092776.0
1092776125107359.0,22.471092,4.757887,-0.30803,0.544487,-0.111329,-0.444338,-0.70264,1092776.0
1092776158544387.0,22.486637,4.787262,-0.308039,0.544395,-0.111518,-0.447046,-0.700962,1092776.0
1092776191873137.0,22.502419,4.815563,-0.308069,0.544239,-0.111496,-0.445195,-0.702263,1092776.0
1092776225201887.0,22.518673,4.844428,-0.309306,0.543307,-0.11136,-0.444034,-0.70374,1092776.0
1092776258725651.0,22.534061,4.87506,-0.312568,0.541692,-0.112333,-0.446585,-0.703216,1092776.0
1092776292054401.0,22.551331,4.905309,-0.315427,0.540391,-0.114979,-0.447185,-0.703408,1092776.0
1092776325383151.0,22.568644,4.935411,-0.317967,0.541914,-0.117401,-0.443311,-0.704288,1092776.0
1092776358882135.0,22.585762,4.973325,-0.323786,0.54686,-0.116921,-0.439238,-0.703096,1092776.0
1092776392210885.0,22.603512,5.004343,-0.325435,0.552393,-0.115027,-0.438524,-0.699519,1092776.0
1092776425539635.0,22.621786,5.035416,-0.326378,0.556959,-0.116217,-0.436844,-0.696748,1092776.0
1092776458964738.0,22.636871,5.064659,-0.328326,0.561149,-0.119312,-0.432663,-0.69547,1092776.0
1092776492293488.0,22.655739,5.096185,-0.326692,0.563445,-0.121683,-0.434824,-0.691846,1092776.0
1092776525622238.0,22.674362,5.127453,-0.323887,0.564403,-0.127218,-0.437387,-0.688446,1092776.0
1092776558913240.0,22.687103,5.154258,-0.320742,0.568777,-0.129152,-0.432086,-0.687833,1092776.0
1092776592241990.0,22.705154,5.183238,-0.316196,0.570568,-0.124817,-0.433348,-0.686355,1092776.0
1092776625570740.0,22.723257,5.212586,-0.312596,0.566685,-0.127336,-0.435673,-0.687635,1092776.0
1092776658813444.0,22.739187,5.23737,-0.312231,0.562249,-0.131582,-0.437846,-0.689096,1092776.0
1092776692142194.0,22.755121,5.265499,-0.309558,0.560877,-0.132579,-0.441532,-0.68767,1092776.0
1092776725470944.0,22.770617,5.293045,-0.307734,0.559951,-0.135565,-0.440872,-0.688265,1092776.0
1092776758793906.0,22.789343,5.32457,-0.308905,0.559306,-0.138548,-0.43866,-0.689608,1092776.0
1092776792122656.0,22.804468,5.352768,-0.309501,0.559556,-0.137976,-0.438741,-0.689468,1092776.0
1092776825451406.0,22.819563,5.381857,-0.311417,0.558838,-0.137129,-0.44088,-0.688855,1092776.0
1092776858681364.0,22.840425,5.420959,-0.315568,0.555779,-0.139217,-0.443924,-0.688956,1092776.0
1092776892010114.0,22.855858,5.451218,-0.31876,0.552026,-0.141435,-0.4453,-0.690631,1092776.0
1092776925338864.0,22.871105,5.481188,-0.321195,0.550372,-0.138229,-0.445645,-0.692376,1092776.0
1092776958790570.0,22.886553,5.513418,-0.325985,0.550229,-0.130853,-0.44645,-0.693404,1092776.0
1092776992119320.0,22.901726,5.543402,-0.327235,0.549146,-0.127027,-0.44536,-0.695671,1092776.0
1092777025448070.0,22.916862,5.573913,-0.327424,0.547911,-0.123659,-0.445858,-0.696931,1092777.0
1092777058819192.0,22.928339,5.600642,-0.329724,0.546353,-0.118929,-0.45014,-0.696224,1092777.0
1092777092147942.0,22.943453,5.631157,-0.327933,0.544018,-0.118142,-0.452821,-0.696448,1092777.0
1092777125476692.0,22.958097,5.660813,-0.325448,0.544523,-0.117892,-0.451155,-0.697177,1092777.0
1092777158742471.0,22.966002,5.682068,-0.32509,0.545533,-0.114158,-0.453052,-0.695777,1092777.0
1092777192071221.0,22.981228,5.710865,-0.322238,0.54255,-0.112602,-0.456248,-0.696275,1092777.0
1092777225399971.0,22.996471,5.738585,-0.319684,0.539377,-0.11325,-0.456237,-0.698638,1092777.0
1092777258576687.0,23.009268,5.765601,-0.319344,0.538359,-0.111741,-0.456261,-0.69965,1092777.0
1092777291905437.0,23.02482,5.792179,-0.318163,0.53731,-0.108854,-0.4577,-0.699971,1092777.0
1092777325234187.0,23.040846,5.818901,-0.318012,0.535545,-0.107668,-0.458957,-0.700683,1092777.0
1092777358577861.0,23.060074,5.85291,-0.320393,0.533621,-0.107193,-0.458305,-0.702649,1092777.0
1092777391906611.0,23.07703,5.880337,-0.321884,0.531567,-0.106107,-0.458974,-0.703932,1092777.0
1092777425235361.0,23.094421,5.908469,-0.32414,0.529456,-0.106874,-0.460437,-0.704452,1092777.0
1092777458560206.0,23.113773,5.939906,-0.328348,0.528446,-0.109825,-0.45975,-0.705205,1092777.0
1092777491888956.0,23.131588,5.968624,-0.330589,0.53098,-0.111636,-0.456402,-0.705191,1092777.0
1092777525217706.0,23.149822,5.997707,-0.332249,0.536209,-0.109822,-0.454193,-0.702943,1092777.0
1092777558810347.0,23.165297,6.028887,-0.334148,0.539771,-0.109393,-0.454288,-0.700216,1092777.0
1092777592139097.0,23.184963,6.058887,-0.334533,0.542067,-0.112237,-0.452428,-0.699196,1092777.0
1092777625467847.0,23.204565,6.088694,-0.333294,0.545421,-0.113811,-0.450158,-0.697797,1092777.0
1092777658799362.0,23.220547,6.120217,-0.331385,0.548346,-0.114827,-0.453635,-0.693071,1092777.0
1092777692128112.0,23.239897,6.14909,-0.32768,0.550623,-0.118326,-0.452397,-0.691484,1092777.0
1092777725456862.0,23.258766,6.176725,-0.323324,0.553669,-0.11791,-0.448163,-0.69188,1092777.0
1092777758836273.0,23.275839,6.202201,-0.320265,0.554278,-0.115604,-0.448763,-0.691393,1092777.0
1092777792165023.0,23.293564,6.23056,-0.317759,0.552381,-0.118585,-0.450227,-0.691454,1092777.0
1092777825493773.0,23.310228,6.258977,-0.316182,0.550316,-0.122978,-0.453526,-0.690176,1092777.0
1092777858724715.0,23.324656,6.286166,-0.315027,0.549839,-0.125852,-0.456882,-0.687821,1092777.0
1092777892053465.0,23.339622,6.313177,-0.314274,0.550936,-0.1282,-0.456186,-0.686971,1092777.0
1092777925382215.0,23.354321,6.340216,-0.314291,0.551992,-0.129746,-0.454885,-0.686695,1092777.0
1092777958591922.0,23.368706,6.365686,-0.314486,0.552152,-0.131853,-0.45497,-0.686109,1092777.0
1092777991920672.0,23.383602,6.393639,-0.316167,0.551526,-0.131666,-0.455738,-0.686138,1092777.0
1092778025249422.0,23.398743,6.421607,-0.318238,0.54978,-0.129614,-0.454809,-0.688542,1092778.0
1092778058523798.0,23.407871,6.443115,-0.321322,0.548576,-0.126518,-0.454317,-0.690402,1092778.0
1092778091852548.0,23.422693,6.471817,-0.323283,0.54888,-0.120429,-0.456035,-0.690116,1092778.0
1092778125181298.0,23.437815,6.500494,-0.324775,0.54849,-0.115039,-0.454384,-0.69243,1092778.0
1092778158608265.0,23.451181,6.525465,-0.32592,0.546858,-0.110456,-0.453069,-0.695323,1092778.0
1092778191937015.0,23.466234,6.55559,-0.32618,0.544696,-0.106959,-0.454869,-0.69639,1092778.0
1092778225265765.0,23.480946,6.586141,-0.325336,0.541595,-0.105255,-0.457076,-0.697623,1092778.0
1092778258442373.0,23.491732,6.612072,-0.323415,0.540785,-0.103424,-0.457775,-0.698067,1092778.0
1092778291771123.0,23.505219,6.640834,-0.320524,0.542915,-0.099762,-0.455077,-0.69871,1092778.0
1092778325099873.0,23.519012,6.669339,-0.317603,0.543217,-0.09644,-0.453704,-0.699834,1092778.0
1092778358424864.0,23.532238,6.695817,-0.315829,0.541266,-0.095574,-0.454514,-0.700938,1092778.0
1092778391753614.0,23.546097,6.723781,-0.314212,0.539871,-0.096642,-0.454681,-0.701759,1092778.0
1092778425082364.0,23.559755,6.751558,-0.313473,0.539368,-0.097794,-0.456115,-0.701055,1092778.0
1092778458245605.0,23.575813,6.781435,-0.312593,0.539346,-0.098683,-0.458665,-0.699281,1092778.0
1092778491574355.0,23.589539,6.808868,-0.313297,0.538967,-0.099807,-0.460009,-0.69853,1092778.0
1092778524903105.0,23.603399,6.836138,-0.314582,0.538117,-0.101702,-0.45849,-0.69991,1092778.0
1092778558124667.0,23.618158,6.864579,-0.316263,0.538192,-0.10313,-0.456745,-0.700783,1092778.0
1092778591453417.0,23.63225,6.892856,-0.319035,0.538815,-0.105932,-0.455976,-0.700387,1092778.0
1092778624782167.0,23.646553,6.921546,-0.322238,0.540529,-0.110659,-0.453982,-0.699631,1092778.0
1092778658195900.0,23.658022,6.948018,-0.324666,0.545408,-0.112816,-0.449758,-0.698227,1092778.0
1092778691524650.0,23.673502,6.976676,-0.32696,0.5514,-0.112062,-0.445783,-0.696187,1092778.0
1092778724853400.0,23.690325,7.006001,-0.328896,0.555849,-0.113106,-0.442802,-0.694381,1092778.0
1092778758206395.0,23.706303,7.037499,-0.328615,0.55914,-0.114658,-0.440329,-0.693055,1092778.0
1092778791535145.0,23.724575,7.066929,-0.328217,0.562603,-0.115438,-0.436805,-0.692353,1092778.0
1092778824863895.0,23.743099,7.097048,-0.326577,0.565,-0.117483,-0.438216,-0.689159,1092778.0
1092778858184524.0,23.758015,7.126309,-0.323599,0.564786,-0.124193,-0.439774,-0.687162,1092778.0
1092778891513274.0,23.776096,7.154455,-0.319947,0.567566,-0.12872,-0.432333,-0.688758,1092778.0
1092778924842024.0,23.793362,7.18204,-0.31645,0.571967,-0.125752,-0.428945,-0.687783,1092778.0
1092778958322791.0,23.808403,7.205825,-0.314368,0.572825,-0.12565,-0.431762,-0.685321,1092778.0
1092778991651541.0,23.824242,7.234348,-0.313006,0.570917,-0.129388,-0.435039,-0.684145,1092778.0
1092779024980291.0,23.839035,7.261966,-0.311877,0.569006,-0.131466,-0.43852,-0.683117,1092779.0
1092779058202447.0,23.850611,7.28301,-0.310911,0.567977,-0.134461,-0.439429,-0.682806,1092779.0
1092779091531197.0,23.863422,7.309184,-0.310782,0.568504,-0.13847,-0.435964,-0.683787,1092779.0
1092779124859947.0,23.87569,7.33575,-0.31156,0.570249,-0.140114,-0.434258,-0.683084,1092779.0
1092779158262732.0,23.883656,7.359344,-0.312739,0.570748,-0.142006,-0.434416,-0.682176,1092779.0
1092779191591482.0,23.895647,7.387176,-0.315643,0.570267,-0.144438,-0.434449,-0.682046,1092779.0
1092779224920232.0,23.907448,7.415333,-0.318969,0.569409,-0.145661,-0.434658,-0.682369,1092779.0
1092779258252472.0,23.917601,7.441245,-0.321837,0.56847,-0.14594,-0.434406,-0.683252,1092779.0
1092779291581222.0,23.929184,7.469832,-0.324716,0.568255,-0.143922,-0.433454,-0.684464,1092779.0
1092779324909972.0,23.940979,7.49858,-0.32687,0.568223,-0.140342,-0.431749,-0.686308,1092779.0
1092779358318339.0,23.94854,7.520597,-0.327584,0.568111,-0.13714,-0.432203,-0.686763,1092779.0
1092779391647089.0,23.960958,7.550041,-0.327308,0.56811,-0.133603,-0.431346,-0.687999,1092779.0
1092779424975839.0,23.974216,7.579855,-0.325419,0.56555,-0.128633,-0.432299,-0.690452,1092779.0
1092779458260136.0,23.985794,7.609411,-0.322827,0.55889,-0.127842,-0.435792,-0.693819,1092779.0
1092779491588886.0,23.999182,7.638751,-0.320159,0.554896,-0.127986,-0.435972,-0.696878,1092779.0
1092779524917636.0,24.012344,7.666831,-0.317217,0.554172,-0.120659,-0.438471,-0.697193,1092779.0
1092779558291370.0,24.026047,7.694944,-0.314741,0.55016,-0.114957,-0.4436,-0.698089,1092779.0
1092779591620120.0,24.039864,7.7217,-0.313607,0.543144,-0.116096,-0.446045,-0.701827,1092779.0
1092779624948870.0,24.052963,7.747778,-0.313118,0.537916,-0.116425,-0.450822,-0.702745,1092779.0
1092779658336378.0,24.06525,7.773922,-0.313366,0.535035,-0.115621,-0.456403,-0.701474,1092779.0
1092779691665128.0,24.077276,7.798692,-0.314217,0.532972,-0.116071,-0.459029,-0.701256,1092779.0
1092779724993878.0,24.08909,7.823324,-0.315727,0.531887,-0.116326,-0.459925,-0.701451,1092779.0
1092779758309585.0,24.098564,7.842144,-0.31715,0.53064,-0.117311,-0.460923,-0.701576,1092779.0
1092779791638335.0,24.110613,7.867786,-0.320379,0.529288,-0.119687,-0.461966,-0.70151,1092779.0
1092779824967085.0,24.122883,7.893767,-0.324006,0.528934,-0.122166,-0.462139,-0.701236,1092779.0
1092779858167508.0,24.135153,7.915894,-0.326641,0.530447,-0.124373,-0.460371,-0.700868,1092779.0
1092779891496258.0,24.147814,7.942522,-0.329776,0.533639,-0.126073,-0.45755,-0.699988,1092779.0
1092779924825008.0,24.160891,7.969608,-0.332065,0.538402,-0.125376,-0.456291,-0.697282,1092779.0
1092779958214829.0,24.176523,7.998656,-0.33232,0.542962,-0.124243,-0.454673,-0.695002,1092779.0
1092779991543579.0,24.191254,8.025272,-0.332644,0.546315,-0.124658,-0.449936,-0.695383,1092779.0
1092780024872329.0,24.206366,8.052231,-0.332053,0.548836,-0.126238,-0.445575,-0.695921,1092780.0
1092780058124047.0,24.224434,8.08169,-0.33111,0.550524,-0.128272,-0.447019,-0.693285,1092780.0
1092780091452797.0,24.238937,8.108704,-0.328752,0.553219,-0.130634,-0.447772,-0.690206,1092780.0
1092780124781547.0,24.252897,8.134082,-0.325665,0.557389,-0.130083,-0.443893,-0.68946,1092780.0
1092780157994821.0,24.265184,8.157798,-0.323623,0.560174,-0.128762,-0.441493,-0.688991,1092780.0
1092780191323571.0,24.278376,8.183139,-0.322349,0.560401,-0.129429,-0.442845,-0.687813,1092780.0
1092780224652321.0,24.291122,8.208426,-0.32169,0.558527,-0.130179,-0.446361,-0.686923,1092780.0
1092780258060151.0,24.303431,8.232318,-0.321284,0.555048,-0.133305,-0.449703,-0.686963,1092780.0
1092780291388901.0,24.314514,8.257069,-0.321576,0.552379,-0.139253,-0.451037,-0.68706,1092780.0
1092780324717651.0,24.324268,8.281605,-0.322036,0.554402,-0.143022,-0.450951,-0.684709,1092780.0
1092780357970764.0,24.334028,8.309177,-0.322615,0.558779,-0.14358,-0.450932,-0.681036,1092780.0
1092780391299514.0,24.343409,8.334318,-0.323973,0.560711,-0.144808,-0.450647,-0.679375,1092780.0
1092780424628264.0,24.352837,8.359967,-0.326016,0.560594,-0.146995,-0.450116,-0.679354,1092780.0
1092780457770774.0,24.36404,8.387006,-0.32903,0.56166,-0.145256,-0.450065,-0.678882,1092780.0
1092780491099524.0,24.372995,8.41284,-0.330777,0.563075,-0.140427,-0.44941,-0.679159,1092780.0
1092780524428274.0,24.382189,8.438983,-0.332363,0.561995,-0.136715,-0.447855,-0.681834,1092780.0
1092780557630247.0,24.392281,8.468935,-0.332537,0.559839,-0.134157,-0.447925,-0.684065,1092780.0
1092780590958997.0,24.400982,8.495391,-0.333175,0.558623,-0.131226,-0.447127,-0.686147,1092780.0
1092780624287747.0,24.409424,8.521677,-0.333093,0.557424,-0.128005,-0.446881,-0.687888,1092780.0
1092780657455115.0,24.415457,8.541335,-0.333203,0.555365,-0.126941,-0.448444,-0.688733,1092780.0
1092780690783865.0,24.423248,8.565831,-0.331809,0.554363,-0.12572,-0.448126,-0.68997,1092780.0
1092780724112615.0,24.430752,8.588746,-0.329579,0.555185,-0.121469,-0.446827,-0.690913,1092780.0
1092780757468806.0,24.44039,8.611233,-0.32657,0.553849,-0.117343,-0.447632,-0.692176,1092780.0
1092780790797556.0,24.448839,8.631945,-0.324705,0.549409,-0.116268,-0.447661,-0.695867,1092780.0
1092780824126306.0,24.457438,8.651664,-0.323364,0.544804,-0.115706,-0.447552,-0.699641,1092780.0
1092780857549900.0,24.465162,8.664855,-0.322686,0.5408,-0.114821,-0.451101,-0.700613,1092780.0
1092780890878650.0,24.473476,8.683842,-0.322627,0.53742,-0.116513,-0.45458,-0.700686,1092780.0
1092780924207400.0,24.481634,8.702202,-0.32261,0.5359,-0.117616,-0.455448,-0.701103,1092780.0
1092780957585721.0,24.487059,8.715038,-0.321765,0.535928,-0.117836,-0.455455,-0.701039,1092780.0
1092780990914471.0,24.495714,8.733349,-0.322216,0.535712,-0.118682,-0.455974,-0.700725,1092780.0
1092781024243221.0,24.50499,8.751872,-0.323094,0.534791,-0.121109,-0.456041,-0.700969,1092781.0
1092781057409297.0,24.514263,8.76716,-0.324044,0.534007,-0.123288,-0.455919,-0.701266,1092781.0
1092781090738047.0,24.52449,8.78554,-0.324979,0.534463,-0.124034,-0.456153,-0.700635,1092781.0
1092781124066797.0,24.535076,8.80389,-0.325942,0.535957,-0.125925,-0.454383,-0.700307,1092781.0
1092781157489350.0,24.54491,8.820349,-0.329736,0.538298,-0.128368,-0.450568,-0.700532,1092781.0
1092781190818100.0,24.556131,8.838912,-0.330252,0.542661,-0.127431,-0.448723,-0.698519,1092781.0
1092781224146850.0,24.567625,8.857434,-0.330416,0.547929,-0.125164,-0.44787,-0.695356,1092781.0
1092781257571476.0,24.576147,8.865126,-0.33049,0.552483,-0.124378,-0.447433,-0.692168,1092781.0
1092781290900226.0,24.588017,8.882808,-0.330433,0.555987,-0.125729,-0.44831,-0.688541,1092781.0
1092781324228976.0,24.599554,8.900071,-0.329877,0.55973,-0.128194,-0.449335,-0.684373,1092781.0
1092781357733004.0,24.608097,8.900858,-0.329218,0.563469,-0.128699,-0.450413,-0.68049,1092781.0
1092781391061754.0,24.618715,8.91619,-0.327465,0.567275,-0.127698,-0.450919,-0.677174,1092781.0
1092781424390504.0,24.628134,8.930296,-0.325815,0.572823,-0.126811,-0.448134,-0.674514,1092781.0
1092781457797408.0,24.635511,8.936112,-0.324028,0.5782,-0.127328,-0.445145,-0.671802,1092781.0
1092781491126158.0,24.642933,8.949372,-0.324046,0.581499,-0.128751,-0.447286,-0.667246,1092781.0
1092781524454908.0,24.649355,8.96185,-0.324192,0.584424,-0.130163,-0.45021,-0.662433,1092781.0
1092781557855202.0,24.6516,8.969473,-0.323606,0.586866,-0.131531,-0.450062,-0.6601,1092781.0
1092781591183952.0,24.656595,8.979847,-0.323317,0.587101,-0.132798,-0.450428,-0.659388,1092781.0
1092781624512702.0,24.660788,8.989575,-0.32296,0.586536,-0.134831,-0.451394,-0.658816,1092781.0
1092781658103777.0,24.655821,8.986792,-0.319873,0.587295,-0.13627,-0.451224,-0.65796,1092781.0
1092781691432527.0,24.658468,8.99452,-0.318954,0.588817,-0.135212,-0.451151,-0.656867,1092781.0
1092781724761277.0,24.660906,9.001701,-0.31804,0.589597,-0.134145,-0.451595,-0.656081,1092781.0
1092781758038635.0,24.655807,8.996355,-0.316261,0.589667,-0.133519,-0.450996,-0.656558,1092781.0
1092781791367385.0,24.657927,9.002487,-0.315527,0.588691,-0.131954,-0.452043,-0.65703,1092781.0
1092781824696135.0,24.659903,9.00851,-0.3152,0.58625,-0.131504,-0.454171,-0.657835,1092781.0
1092781857964406.0,24.65559,9.005227,-0.31234,0.584651,-0.131637,-0.455521,-0.658298,1092781.0
1092781891293156.0,24.656286,9.010397,-0.312317,0.584015,-0.130794,-0.456988,-0.658013,1092781.0
1092781924621906.0,24.656851,9.015285,-0.312503,0.582297,-0.1308,-0.458766,-0.658298,1092781.0
1092781957909608.0,24.651367,9.013804,-0.311651,0.580468,-0.132094,-0.459379,-0.659226,1092781.0
1092781991238358.0,24.650991,9.017563,-0.311967,0.579432,-0.1324,-0.459331,-0.660109,1092781.0
1092782024567108.0,24.650124,9.021133,-0.312472,0.579287,-0.132756,-0.459172,-0.660275,1092782.0
